camp_id,camp_name,live_id,live_name,work_pic_id,current_work_pic_status,is_del,song_score_id,pic_id,class_id,original_union_id,target_union_id
13904,进阶班0310期-小靳老师班,1107245,胡琴说（下）,8340588,1,0,36645,8340588,1107245,oNGxt568NR-_EhYcyCKVj1-wivHE,oNGxt568NR-_EhYcyCKVj1-wivHE_bak
13904,进阶班0310期-小靳老师班,1107245,胡琴说（下）,8341419,1,0,36834,8341419,1107245,oNGxt5xKjE5i3RcTvZ_98rFGkeeA,oNGxt5xKjE5i3RcTvZ_98rFGkeeA_bak
13904,进阶班0310期-小靳老师班,1107245,胡琴说（下）,8341459,1,0,36639,8341459,1107245,oNGxt56taJe5ZKRignQf6r-d-Df8,oNGxt56taJe5ZKRignQf6r-d-Df8_bak
13904,进阶班0310期-小靳老师班,1107245,胡琴说（下）,8341621,1,0,36772,8341621,1107245,oNGxt5zK2UjVq_YNi3-OEQfXHfyw,oNGxt5zK2UjVq_YNi3-OEQfXHfyw_bak
13904,进阶班0310期-小靳老师班,1107245,胡琴说（下）,8342147,1,0,36644,8342147,1107245,oNGxt5zPjsxGYTriX99oae8luUEE,oNGxt5zPjsxGYTriX99oae8luUEE_bak
13904,进阶班0310期-小靳老师班,1107245,胡琴说（下）,8342582,1,0,36634,8342582,1107245,oNGxt5ww4IHDio_KWqeD3PcwNqAE,oNGxt5ww4IHDio_KWqeD3PcwNqAE_bak
13904,进阶班0310期-小靳老师班,1107245,胡琴说（下）,8343267,1,0,36642,8343267,1107245,oNGxt5wXqlP_Z5MjFb4jVWO0Xh-0,oNGxt5wXqlP_Z5MjFb4jVWO0Xh-0_bak
13904,进阶班0310期-小靳老师班,1107245,胡琴说（下）,8343421,1,0,36815,8343421,1107245,oNGxt5yvG_exIJhO_OcUxyhywtR0,oNGxt5yvG_exIJhO_OcUxyhywtR0_bak
13904,进阶班0310期-小靳老师班,1107245,胡琴说（下）,8343987,1,0,37125,8343987,1107245,oNGxt5wi92hi9rM-0mZG7g6gWyKs,oNGxt5wi92hi9rM-0mZG7g6gWyKs_bak
13904,进阶班0310期-小靳老师班,1107245,胡琴说（下）,8344074,1,0,37147,8344074,1107245,oNGxt5_RUiZe9drfylS5rxfxtHL0,oNGxt5_RUiZe9drfylS5rxfxtHL0_bak
13904,进阶班0310期-小靳老师班,1107245,胡琴说（下）,8344686,1,0,36633,8344686,1107245,oNGxt56wwoLxLrf_9UsHEVCCxvR4,oNGxt56wwoLxLrf_9UsHEVCCxvR4_bak
13904,进阶班0310期-小靳老师班,1107245,胡琴说（下）,8344759,1,0,37120,8344759,1107245,oNGxt50_smQkqLz7NF-8dNO8ZiqM,oNGxt50_smQkqLz7NF-8dNO8ZiqM_bak
13904,进阶班0310期-小靳老师班,1107245,胡琴说（下）,8344958,1,0,36649,8344958,1107245,oNGxt5y78qaEm44cebwL_4fftOnE,oNGxt5y78qaEm44cebwL_4fftOnE_bak
13904,进阶班0310期-小靳老师班,1107245,胡琴说（下）,8345303,1,0,36637,8345303,1107245,oNGxt528AByNqWpE0CVwTU7CuUvM,oNGxt528AByNqWpE0CVwTU7CuUvM_bak
13904,进阶班0310期-小靳老师班,1107245,胡琴说（下）,8345436,1,0,36648,8345436,1107245,oNGxt53Chh8EYukfUGfEDFgh3qtY,oNGxt53Chh8EYukfUGfEDFgh3qtY_bak
13904,进阶班0310期-小靳老师班,1107245,胡琴说（下）,8345471,1,0,36630,8345471,1107245,oNGxt553t7LOnTMOdPojRtknnndU,oNGxt553t7LOnTMOdPojRtknnndU_bak
13904,进阶班0310期-小靳老师班,1107245,胡琴说（下）,8346335,1,0,37143,8346335,1107245,oNGxt5y8KKTTBN62qOj0xWEgr40g,oNGxt5y8KKTTBN62qOj0xWEgr40g_bak
13904,进阶班0310期-小靳老师班,1107245,胡琴说（下）,8346593,1,0,36651,8346593,1107245,oNGxt57E73lAkxUw65nDNRHTel80,oNGxt57E73lAkxUw65nDNRHTel80_bak
13904,进阶班0310期-小靳老师班,1107245,胡琴说（下）,8347205,1,0,36638,8347205,1107245,oNGxt5wTM7zGpaMxgCLFaLUyTujw,oNGxt5wTM7zGpaMxgCLFaLUyTujw_bak
13904,进阶班0310期-小靳老师班,1107245,胡琴说（下）,8347369,1,0,36643,8347369,1107245,oNGxt59Pp0zFBjToWxFUE-N5yHW8,oNGxt59Pp0zFBjToWxFUE-N5yHW8_bak
13904,进阶班0310期-小靳老师班,1107245,胡琴说（下）,8347430,1,0,36631,8347430,1107245,oNGxt5823C-BYBmUqmMcmQfoMjvQ,oNGxt5823C-BYBmUqmMcmQfoMjvQ_bak
13904,进阶班0310期-小靳老师班,1107245,胡琴说（下）,8347533,1,0,36641,8347533,1107245,oNGxt544Ssxw_C6-J1qhCCBz7g7Y,oNGxt544Ssxw_C6-J1qhCCBz7g7Y_bak
13904,进阶班0310期-小靳老师班,1107245,胡琴说（下）,8347920,1,0,36881,8347920,1107245,oNGxt5_GUZqo041N67uUrMyBolTg,oNGxt5_GUZqo041N67uUrMyBolTg_bak
13904,进阶班0310期-小靳老师班,1107245,胡琴说（下）,8348905,1,0,36635,8348905,1107245,oNGxt5wX2dz3GHkgivit4b1lnRqw,oNGxt5wX2dz3GHkgivit4b1lnRqw_bak
13904,进阶班0310期-小靳老师班,1107245,胡琴说（下）,8349040,1,0,36627,8349040,1107245,oNGxt525DIs8JCJIFldTF9EE1kiI,oNGxt525DIs8JCJIFldTF9EE1kiI_bak
13904,进阶班0310期-小靳老师班,1107245,胡琴说（下）,8349139,1,0,36646,8349139,1107245,oNGxt5zBRFsBVxls0pSphs9rmtHE,oNGxt5zBRFsBVxls0pSphs9rmtHE_bak
13904,进阶班0310期-小靳老师班,1107245,胡琴说（下）,8349144,1,0,36632,8349144,1107245,oNGxt50hUKRZFrkVqbHxmnQDShOk,oNGxt50hUKRZFrkVqbHxmnQDShOk_bak
13904,进阶班0310期-小靳老师班,1107245,胡琴说（下）,8349201,1,0,36908,8349201,1107245,oNGxt53F783--dfO7HsaI5lVjgY4,oNGxt53F783--dfO7HsaI5lVjgY4_bak
13904,进阶班0310期-小靳老师班,1107245,胡琴说（下）,8349339,1,0,36652,8349339,1107245,oNGxt5_XUpPAT0exB2WVLXhrVvXk,oNGxt5_XUpPAT0exB2WVLXhrVvXk_bak
13904,进阶班0310期-小靳老师班,1107245,胡琴说（下）,8349762,1,0,36830,8349762,1107245,oNGxt50T9HvrN5PmUEDdyRyDMUqw,oNGxt50T9HvrN5PmUEDdyRyDMUqw_bak
13904,进阶班0310期-小靳老师班,1107245,胡琴说（下）,8349814,1,0,36833,8349814,1107245,oNGxt5_z2tK5RwCyeOM02M-usLzc,oNGxt5_z2tK5RwCyeOM02M-usLzc_bak
13904,进阶班0310期-小靳老师班,1107245,胡琴说（下）,8350335,1,0,36636,8350335,1107245,oNGxt53KjavMsJfuyC1jgNTpaNx4,oNGxt53KjavMsJfuyC1jgNTpaNx4_bak
13904,进阶班0310期-小靳老师班,1107245,胡琴说（下）,8350814,1,0,36653,8350814,1107245,oNGxt51GkhpO4hzEBWxpsKAoH7Wg,oNGxt51GkhpO4hzEBWxpsKAoH7Wg_bak
13904,进阶班0310期-小靳老师班,1107245,胡琴说（下）,8350867,1,0,36655,8350867,1107245,oNGxt51gpPdt6PFWv6Q_LokZcHKk,oNGxt51gpPdt6PFWv6Q_LokZcHKk_bak
13904,进阶班0310期-小靳老师班,1107245,胡琴说（下）,8351290,1,0,36628,8351290,1107245,oNGxt51EmHqQrHNbNxND5XQh0C_o,oNGxt51EmHqQrHNbNxND5XQh0C_o_bak
13904,进阶班0310期-小靳老师班,1107245,胡琴说（下）,8351452,1,0,36647,8351452,1107245,oNGxt5_pFxskrHGjkvFTa-dMV68Q,oNGxt5_pFxskrHGjkvFTa-dMV68Q_bak
13904,进阶班0310期-小靳老师班,1107245,胡琴说（下）,8352099,1,0,36650,8352099,1107245,oNGxt5xRGae7SXJ-ZUVvmZdS6F_w,oNGxt5xRGae7SXJ-ZUVvmZdS6F_w_bak
13904,进阶班0310期-小靳老师班,1107245,胡琴说（下）,8352240,1,0,36629,8352240,1107245,oNGxt5_-DZfbGNmOcjGD582VlKEk,oNGxt5_-DZfbGNmOcjGD582VlKEk_bak
13904,进阶班0310期-小靳老师班,1107245,胡琴说（下）,8353183,1,0,36823,8353183,1107245,oNGxt50iNnUakWv3TfKTHlf8sp3s,oNGxt50iNnUakWv3TfKTHlf8sp3s_bak
13904,进阶班0310期-小靳老师班,1107245,胡琴说（下）,8353481,1,0,36843,8353481,1107245,oNGxt56CU_ROe0-u1COCVvtLuMhI,oNGxt56CU_ROe0-u1COCVvtLuMhI_bak
13904,进阶班0310期-小靳老师班,1107245,胡琴说（下）,8353813,1,0,37121,8353813,1107245,oNGxt53faGtNCQ7eniuk6zEVn_ic,oNGxt53faGtNCQ7eniuk6zEVn_ic_bak
13904,进阶班0310期-小靳老师班,1107245,胡琴说（下）,8353955,1,0,36801,8353955,1107245,oNGxt5zW9Qk2PS7zvT8xfH8JsmoM,oNGxt5zW9Qk2PS7zvT8xfH8JsmoM_bak
13904,进阶班0310期-小靳老师班,1107245,胡琴说（下）,8354049,1,0,37149,8354049,1107245,oNGxt53zd1Qt6q8GL59j1ib4dwPk,oNGxt53zd1Qt6q8GL59j1ib4dwPk_bak
13904,进阶班0310期-小靳老师班,1107245,胡琴说（下）,8354252,1,0,36852,8354252,1107245,oNGxt5-Xf6b7SYn28aocn5BcQwgY,oNGxt5-Xf6b7SYn28aocn5BcQwgY_bak
13904,进阶班0310期-小靳老师班,1107245,胡琴说（下）,8354667,1,0,36849,8354667,1107245,oNGxt58LJfYd0URdJbRdASEGoN6Q,oNGxt58LJfYd0URdJbRdASEGoN6Q_bak
13904,进阶班0310期-小靳老师班,1107245,胡琴说（下）,8354762,1,0,37145,8354762,1107245,oNGxt56rqrdAuM0HCj1qRjia_KLQ,oNGxt56rqrdAuM0HCj1qRjia_KLQ_bak
13904,进阶班0310期-小靳老师班,1107245,胡琴说（下）,8354931,1,0,36791,8354931,1107245,oNGxt55Vxvr9NFbhSBrvGQXxh5jk,oNGxt55Vxvr9NFbhSBrvGQXxh5jk_bak
13904,进阶班0310期-小靳老师班,1107245,胡琴说（下）,8355041,1,0,36879,8355041,1107245,oNGxt5-Mz017A2iCdiFH1IFZyxgk,oNGxt5-Mz017A2iCdiFH1IFZyxgk_bak
13904,进阶班0310期-小靳老师班,1107245,胡琴说（下）,8355518,1,0,36891,8355518,1107245,oNGxt5-aY6UZM94ZLYPQpdk5JIro,oNGxt5-aY6UZM94ZLYPQpdk5JIro_bak
13904,进阶班0310期-小靳老师班,1107245,胡琴说（下）,8355906,1,0,36858,8355906,1107245,oNGxt59xtuaRkeZnDVKfoUIo2B-4,oNGxt59xtuaRkeZnDVKfoUIo2B-4_bak
13904,进阶班0310期-小靳老师班,1107245,胡琴说（下）,8356034,1,0,36870,8356034,1107245,oNGxt58vI8y3mEumTK-ZUQbNbkgw,oNGxt58vI8y3mEumTK-ZUQbNbkgw_bak
13904,进阶班0310期-小靳老师班,1107245,胡琴说（下）,8356122,1,0,37146,8356122,1107245,oNGxt51cRjHfrbTa_6Mgsm9de0xU,oNGxt51cRjHfrbTa_6Mgsm9de0xU_bak
13904,进阶班0310期-小靳老师班,1107245,胡琴说（下）,8356369,1,0,36894,8356369,1107245,oNGxt5wtdCPQWzp4He__SFPqVs6g,oNGxt5wtdCPQWzp4He__SFPqVs6g_bak
13904,进阶班0310期-小靳老师班,1107245,胡琴说（下）,8356822,1,0,36914,8356822,1107245,oNGxt50k8aXFSnzOrjZcoEPObttQ,oNGxt50k8aXFSnzOrjZcoEPObttQ_bak
13904,进阶班0310期-小靳老师班,1107245,胡琴说（下）,8356870,1,0,36788,8356870,1107245,oNGxt534LCDTra4KU6DxDSVTE2nY,oNGxt534LCDTra4KU6DxDSVTE2nY_bak
13904,进阶班0310期-小靳老师班,1107245,胡琴说（下）,8356906,1,0,36827,8356906,1107245,oNGxt55It_u7jhWkhagMWOYp4v9Q,oNGxt55It_u7jhWkhagMWOYp4v9Q_bak
13904,进阶班0310期-小靳老师班,1107245,胡琴说（下）,8356911,1,0,37126,8356911,1107245,oNGxt54-qGzZgeKTuKe5HCfo5Zc4,oNGxt54-qGzZgeKTuKe5HCfo5Zc4_bak
13904,进阶班0310期-小靳老师班,1107245,胡琴说（下）,8356993,1,0,36925,8356993,1107245,oNGxt56V6jH-warhPqbDgN8J2IoI,oNGxt56V6jH-warhPqbDgN8J2IoI_bak
13904,进阶班0310期-小靳老师班,1107245,胡琴说（下）,8357007,1,0,37135,8357007,1107245,oNGxt57bQCk1kTsGHKfNPDUIC4sE,oNGxt57bQCk1kTsGHKfNPDUIC4sE_bak
13904,进阶班0310期-小靳老师班,1107245,胡琴说（下）,8357214,1,0,36905,8357214,1107245,oNGxt520E_GmsUZjUl3pIPFysqEs,oNGxt520E_GmsUZjUl3pIPFysqEs_bak
13904,进阶班0310期-小靳老师班,1107245,胡琴说（下）,8357246,1,0,36860,8357246,1107245,oNGxt51uNYA4jx2EqYFnL84T4BOQ,oNGxt51uNYA4jx2EqYFnL84T4BOQ_bak
13904,进阶班0310期-小靳老师班,1107245,胡琴说（下）,8357672,1,0,36821,8357672,1107245,oNGxt5zZr47QMn6ayYmRNtGeup6g,oNGxt5zZr47QMn6ayYmRNtGeup6g_bak
13904,进阶班0310期-小靳老师班,1107245,胡琴说（下）,8357680,1,0,36806,8357680,1107245,oNGxt56JXcIDK45_vpNWmXPMZ9tc,oNGxt56JXcIDK45_vpNWmXPMZ9tc_bak
13904,进阶班0310期-小靳老师班,1107245,胡琴说（下）,8357721,1,0,36866,8357721,1107245,oNGxt5xnsDw1CW-J5v9uCCbmwX80,oNGxt5xnsDw1CW-J5v9uCCbmwX80_bak
13904,进阶班0310期-小靳老师班,1107245,胡琴说（下）,8357835,1,0,37127,8357835,1107245,oNGxt53A6EMxaY0lDJACfA8iN2rs,oNGxt53A6EMxaY0lDJACfA8iN2rs_bak
13904,进阶班0310期-小靳老师班,1107245,胡琴说（下）,8357883,1,0,36814,8357883,1107245,oNGxt51Adbr6w33XJ_buDcJYl3_g,oNGxt51Adbr6w33XJ_buDcJYl3_g_bak
13904,进阶班0310期-小靳老师班,1107245,胡琴说（下）,8358053,1,0,37130,8358053,1107245,oNGxt5zgpTPALi8_0B7MLLm_kbvY,oNGxt5zgpTPALi8_0B7MLLm_kbvY_bak
13904,进阶班0310期-小靳老师班,1107245,胡琴说（下）,8358260,1,0,36817,8358260,1107245,oNGxt57rPnGUvqIZKT_mks1IBDQA,oNGxt57rPnGUvqIZKT_mks1IBDQA_bak
13904,进阶班0310期-小靳老师班,1107245,胡琴说（下）,8359490,1,0,36842,8359490,1107245,oNGxt5xigaSZFosdURx7PCB9fzDg,oNGxt5xigaSZFosdURx7PCB9fzDg_bak
13904,进阶班0310期-小靳老师班,1107245,胡琴说（下）,8359525,1,0,36839,8359525,1107245,oNGxt528LZihAbg2fB5f7FaMEDzw,oNGxt528LZihAbg2fB5f7FaMEDzw_bak
13904,进阶班0310期-小靳老师班,1107245,胡琴说（下）,8360058,1,0,36782,8360058,1107245,oNGxt57hNzeL896G_QsgMO_HT5ik,oNGxt57hNzeL896G_QsgMO_HT5ik_bak
13904,进阶班0310期-小靳老师班,1107245,胡琴说（下）,8360135,1,0,36888,8360135,1107245,oNGxt52Ocj9sCnQBAZ9FVPzOuhBw,oNGxt52Ocj9sCnQBAZ9FVPzOuhBw_bak
13904,进阶班0310期-小靳老师班,1107245,胡琴说（下）,8360321,1,0,37119,8360321,1107245,oNGxt58XDRqATv-CKZqsGyY5xVKY,oNGxt58XDRqATv-CKZqsGyY5xVKY_bak
13904,进阶班0310期-小靳老师班,1107245,胡琴说（下）,8360592,1,0,36826,8360592,1107245,oNGxt526IFNWfGUUFmW8RUGtcZv4,oNGxt526IFNWfGUUFmW8RUGtcZv4_bak
13904,进阶班0310期-小靳老师班,1107245,胡琴说（下）,8360685,1,0,36790,8360685,1107245,oNGxt5wI41f6uNCPFXZ4vG24gxww,oNGxt5wI41f6uNCPFXZ4vG24gxww_bak
13904,进阶班0310期-小靳老师班,1107245,胡琴说（下）,8360692,1,0,36840,8360692,1107245,oNGxt5-o1mJqMOxXVisz8iLwNL28,oNGxt5-o1mJqMOxXVisz8iLwNL28_bak
13904,进阶班0310期-小靳老师班,1107245,胡琴说（下）,8360708,1,0,36824,8360708,1107245,oNGxt57ESlAXAEaQcfjmBvs_z6Jo,oNGxt57ESlAXAEaQcfjmBvs_z6Jo_bak
13904,进阶班0310期-小靳老师班,1107245,胡琴说（下）,8360800,1,0,37136,8360800,1107245,oNGxt52QHQ42QsqnK9oBNY9jRf4s,oNGxt52QHQ42QsqnK9oBNY9jRf4s_bak
13904,进阶班0310期-小靳老师班,1107245,胡琴说（下）,8361643,1,0,36819,8361643,1107245,oNGxt51JOmnFeJ4HD3LoC_7cgBww,oNGxt51JOmnFeJ4HD3LoC_7cgBww_bak
13904,进阶班0310期-小靳老师班,1107245,胡琴说（下）,8361744,1,0,36835,8361744,1107245,oNGxt5x6Yd-KE6mNaOoJpkosJb-4,oNGxt5x6Yd-KE6mNaOoJpkosJb-4_bak
13904,进阶班0310期-小靳老师班,1107245,胡琴说（下）,8361858,1,0,36909,8361858,1107245,oNGxt56GLpRBZKc-PxVNttzWrAV8,oNGxt56GLpRBZKc-PxVNttzWrAV8_bak
13904,进阶班0310期-小靳老师班,1107245,胡琴说（下）,8361994,1,0,36822,8361994,1107245,oNGxt59-YRon24TTiAooEpxfAjmU,oNGxt59-YRon24TTiAooEpxfAjmU_bak
13904,进阶班0310期-小靳老师班,1107245,胡琴说（下）,8362007,1,0,37138,8362007,1107245,oNGxt5zdxk43jSBrnmM7NXs-0ay8,oNGxt5zdxk43jSBrnmM7NXs-0ay8_bak
13904,进阶班0310期-小靳老师班,1107245,胡琴说（下）,8362131,1,0,37142,8362131,1107245,oNGxt57teo2DEXVAbkxlV2E5QE7I,oNGxt57teo2DEXVAbkxlV2E5QE7I_bak
13904,进阶班0310期-小靳老师班,1107245,胡琴说（下）,8362254,1,0,36917,8362254,1107245,oNGxt5wCzJDMvPSfTWULhJ3xIKdo,oNGxt5wCzJDMvPSfTWULhJ3xIKdo_bak
13904,进阶班0310期-小靳老师班,1107245,胡琴说（下）,8362539,1,0,37141,8362539,1107245,oNGxt55FKJsvRPim6p0nyegS_kqg,oNGxt55FKJsvRPim6p0nyegS_kqg_bak
13904,进阶班0310期-小靳老师班,1107245,胡琴说（下）,8362857,1,0,36893,8362857,1107245,oNGxt50jGDP4mdKYP-dflCWIakj8,oNGxt50jGDP4mdKYP-dflCWIakj8_bak
13904,进阶班0310期-小靳老师班,1107245,胡琴说（下）,8362966,1,0,36924,8362966,1107245,oNGxt55mOaBQXcFLTZSGtEB3fRM0,oNGxt55mOaBQXcFLTZSGtEB3fRM0_bak
13904,进阶班0310期-小靳老师班,1107245,胡琴说（下）,8363591,1,0,36851,8363591,1107245,oNGxt5-pyw6ITUvdEFQe0YIO77jE,oNGxt5-pyw6ITUvdEFQe0YIO77jE_bak
13904,进阶班0310期-小靳老师班,1107245,胡琴说（下）,8363757,1,0,37133,8363757,1107245,oNGxt59knjh4-b-syj1BfaBWoVt8,oNGxt59knjh4-b-syj1BfaBWoVt8_bak
13904,进阶班0310期-小靳老师班,1107245,胡琴说（下）,8363814,1,0,36886,8363814,1107245,oNGxt562vLtSV1PI2HNuhdxaL4TM,oNGxt562vLtSV1PI2HNuhdxaL4TM_bak
13904,进阶班0310期-小靳老师班,1107245,胡琴说（下）,8363914,1,0,37134,8363914,1107245,oNGxt5wnfZv1Ud7qbLuhWcfNMP4M,oNGxt5wnfZv1Ud7qbLuhWcfNMP4M_bak
13904,进阶班0310期-小靳老师班,1107245,胡琴说（下）,8364268,1,0,36907,8364268,1107245,oNGxt5962k2THm0LNya9iijhnALA,oNGxt5962k2THm0LNya9iijhnALA_bak
13904,进阶班0310期-小靳老师班,1107245,胡琴说（下）,8364752,1,0,36889,8364752,1107245,oNGxt57Uv_sKgofElqt4Omuk-yps,oNGxt57Uv_sKgofElqt4Omuk-yps_bak
13904,进阶班0310期-小靳老师班,1107245,胡琴说（下）,8364805,1,0,36918,8364805,1107245,oNGxt5yQVT-_aaj4gs4Trh2UP12A,oNGxt5yQVT-_aaj4gs4Trh2UP12A_bak
13904,进阶班0310期-小靳老师班,1107245,胡琴说（下）,8364841,1,0,36818,8364841,1107245,oNGxt570yBd2FwygzNcNSqWZEK-0,oNGxt570yBd2FwygzNcNSqWZEK-0_bak
13904,进阶班0310期-小靳老师班,1107245,胡琴说（下）,8365629,1,0,36810,8365629,1107245,oNGxt5_Di_Pv96vaZb_G0hCv_zG4,oNGxt5_Di_Pv96vaZb_G0hCv_zG4_bak
13904,进阶班0310期-小靳老师班,1107245,胡琴说（下）,8365830,1,0,36831,8365830,1107245,oNGxt52O8Y0Xr5vmB-J3RzCCCaJI,oNGxt52O8Y0Xr5vmB-J3RzCCCaJI_bak
13904,进阶班0310期-小靳老师班,1107245,胡琴说（下）,8366034,1,0,36809,8366034,1107245,oNGxt55Lqvc-2blwits-h61Wrl7w,oNGxt55Lqvc-2blwits-h61Wrl7w_bak
13904,进阶班0310期-小靳老师班,1107245,胡琴说（下）,8366050,1,0,36887,8366050,1107245,oNGxt5wnj_mFthaIBsPTWVzQGAIE,oNGxt5wnj_mFthaIBsPTWVzQGAIE_bak
13904,进阶班0310期-小靳老师班,1107245,胡琴说（下）,8366080,1,0,36777,8366080,1107245,oNGxt59M-1WGIAQ0DuTpBOElJhxA,oNGxt59M-1WGIAQ0DuTpBOElJhxA_bak
13904,进阶班0310期-小靳老师班,1107245,胡琴说（下）,8366151,1,0,36871,8366151,1107245,oNGxt5zDa-PQ4DQj5-X2r-RTTOts,oNGxt5zDa-PQ4DQj5-X2r-RTTOts_bak
13904,进阶班0310期-小靳老师班,1107245,胡琴说（下）,8366471,1,0,36803,8366471,1107245,oNGxt57VOY7kQLqmThz-uXJQ4xk8,oNGxt57VOY7kQLqmThz-uXJQ4xk8_bak
13904,进阶班0310期-小靳老师班,1107245,胡琴说（下）,8366474,1,0,36883,8366474,1107245,oNGxt57E9K1xF2nYzr4riO5LbL6k,oNGxt57E9K1xF2nYzr4riO5LbL6k_bak
13904,进阶班0310期-小靳老师班,1107245,胡琴说（下）,8366757,1,0,36787,8366757,1107245,oNGxt53bwkuwhNm1QnFEq6H_Rob8,oNGxt53bwkuwhNm1QnFEq6H_Rob8_bak
13904,进阶班0310期-小靳老师班,1107245,胡琴说（下）,8366759,1,0,36880,8366759,1107245,oNGxt53BVjMJ0qY1abzy86lMtQn8,oNGxt53BVjMJ0qY1abzy86lMtQn8_bak
13904,进阶班0310期-小靳老师班,1107245,胡琴说（下）,8366764,1,0,36921,8366764,1107245,oNGxt57vY5zp-V6QlwufqknwkqTA,oNGxt57vY5zp-V6QlwufqknwkqTA_bak
13904,进阶班0310期-小靳老师班,1107245,胡琴说（下）,8367132,1,0,36845,8367132,1107245,oNGxt5-TZxbu0xJH7HUL8DZHIFPc,oNGxt5-TZxbu0xJH7HUL8DZHIFPc_bak
13904,进阶班0310期-小靳老师班,1107245,胡琴说（下）,8367255,1,0,36789,8367255,1107245,oNGxt5_iEvAch9Ska94UJSowziNg,oNGxt5_iEvAch9Ska94UJSowziNg_bak
13904,进阶班0310期-小靳老师班,1107245,胡琴说（下）,8367308,1,0,36884,8367308,1107245,oNGxt56Ad0hKHmV6SzswRWNXrc9s,oNGxt56Ad0hKHmV6SzswRWNXrc9s_bak
13904,进阶班0310期-小靳老师班,1107245,胡琴说（下）,8367488,1,0,37132,8367488,1107245,oNGxt5xFNCckWMLTaWhw7fTBleJA,oNGxt5xFNCckWMLTaWhw7fTBleJA_bak
13904,进阶班0310期-小靳老师班,1107245,胡琴说（下）,8367907,1,0,36855,8367907,1107245,oNGxt5xaAa5xgRHicA5oBB1ZYd28,oNGxt5xaAa5xgRHicA5oBB1ZYd28_bak
13904,进阶班0310期-小靳老师班,1107245,胡琴说（下）,8368152,1,0,36928,8368152,1107245,oNGxt59Q2PJePwO1Y54zptXrRRZc,oNGxt59Q2PJePwO1Y54zptXrRRZc_bak
13904,进阶班0310期-小靳老师班,1107245,胡琴说（下）,8368371,1,0,36868,8368371,1107245,oNGxt56af_waeNQ4VNJ_HDkPrWKE,oNGxt56af_waeNQ4VNJ_HDkPrWKE_bak
13904,进阶班0310期-小靳老师班,1107245,胡琴说（下）,8368691,1,0,36841,8368691,1107245,oNGxt59crojf1QK5umG_7hiWSOlI,oNGxt59crojf1QK5umG_7hiWSOlI_bak
13904,进阶班0310期-小靳老师班,1107245,胡琴说（下）,8369177,1,0,37148,8369177,1107245,oNGxt5-nlByCLyWCYYw8f9BhSdVs,oNGxt5-nlByCLyWCYYw8f9BhSdVs_bak
13904,进阶班0310期-小靳老师班,1107245,胡琴说（下）,8369262,1,0,36877,8369262,1107245,oNGxt591oH6dGBu73irOG9bxOdAk,oNGxt591oH6dGBu73irOG9bxOdAk_bak
13904,进阶班0310期-小靳老师班,1107245,胡琴说（下）,8369324,1,0,37112,8369324,1107245,oNGxt52_TE6x3eZ_txJEuRj6Nzwk,oNGxt52_TE6x3eZ_txJEuRj6Nzwk_bak
13904,进阶班0310期-小靳老师班,1107245,胡琴说（下）,8369337,1,0,36786,8369337,1107245,oNGxt5ydb4W6KbgkdPq1b9dlRjSU,oNGxt5ydb4W6KbgkdPq1b9dlRjSU_bak
13904,进阶班0310期-小靳老师班,1107245,胡琴说（下）,8369865,1,0,36941,8369865,1107245,oNGxt5wqBmAr3lBz72_kuS1coq5g,oNGxt5wqBmAr3lBz72_kuS1coq5g_bak
13904,进阶班0310期-小靳老师班,1107245,胡琴说（下）,8369899,1,0,37122,8369899,1107245,oNGxt515qXGRrbw7ATRHbTEXeN6E,oNGxt515qXGRrbw7ATRHbTEXeN6E_bak
13904,进阶班0310期-小靳老师班,1107245,胡琴说（下）,8370111,1,0,36799,8370111,1107245,oNGxt51h4bX3o4uJvTUtUMKx1kZk,oNGxt51h4bX3o4uJvTUtUMKx1kZk_bak
13904,进阶班0310期-小靳老师班,1107245,胡琴说（下）,8370132,1,0,37131,8370132,1107245,oNGxt54ZOw2tFQLeTD39vlnSNqOs,oNGxt54ZOw2tFQLeTD39vlnSNqOs_bak
13904,进阶班0310期-小靳老师班,1107245,胡琴说（下）,8370238,1,0,36876,8370238,1107245,oNGxt52RnZZY1hcTKLmCCZp2b50o,oNGxt52RnZZY1hcTKLmCCZp2b50o_bak
13904,进阶班0310期-小靳老师班,1107245,胡琴说（下）,8370960,1,0,36793,8370960,1107245,oNGxt56giui2X0V-npceD8K5mc1M,oNGxt56giui2X0V-npceD8K5mc1M_bak
13904,进阶班0310期-小靳老师班,1107245,胡琴说（下）,8371184,1,0,36874,8371184,1107245,oNGxt5-MTE4hwVN5Iv8ds1mjOFIE,oNGxt5-MTE4hwVN5Iv8ds1mjOFIE_bak
13904,进阶班0310期-小靳老师班,1107245,胡琴说（下）,8371746,1,0,36811,8371746,1107245,oNGxt5xYx44GTsi7Ync4X_r6LHEw,oNGxt5xYx44GTsi7Ync4X_r6LHEw_bak
13904,进阶班0310期-小靳老师班,1107245,胡琴说（下）,8372773,1,0,36898,8372773,1107245,oNGxt52qw6FZ3BtLGN-DHQZwjjJ0,oNGxt52qw6FZ3BtLGN-DHQZwjjJ0_bak
13904,进阶班0310期-小靳老师班,1107245,胡琴说（下）,8372843,1,0,36899,8372843,1107245,oNGxt57wc7ePDJv-RfS1lp81UIrk,oNGxt57wc7ePDJv-RfS1lp81UIrk_bak
13904,进阶班0310期-小靳老师班,1107245,胡琴说（下）,8373020,1,0,36873,8373020,1107245,oNGxt50XjD_uTTm5-slqhQTsj6NI,oNGxt50XjD_uTTm5-slqhQTsj6NI_bak
13904,进阶班0310期-小靳老师班,1107245,胡琴说（下）,8373380,1,0,36764,8373380,1107245,oNGxt58268LGDKyXPJZb2GcuffqA,oNGxt58268LGDKyXPJZb2GcuffqA_bak
13904,进阶班0310期-小靳老师班,1107245,胡琴说（下）,8373447,1,0,36885,8373447,1107245,oNGxt51-dn7KW3R4J_447WC0tfzk,oNGxt51-dn7KW3R4J_447WC0tfzk_bak
13904,进阶班0310期-小靳老师班,1107245,胡琴说（下）,8374202,1,0,36838,8374202,1107245,oNGxt51svpcDgD5cJ8-xExyNFdaI,oNGxt51svpcDgD5cJ8-xExyNFdaI_bak
13904,进阶班0310期-小靳老师班,1107245,胡琴说（下）,8375019,1,0,37128,8375019,1107245,oNGxt554TZjxaUwiO6hyMv0lVGaA,oNGxt554TZjxaUwiO6hyMv0lVGaA_bak
13904,进阶班0310期-小靳老师班,1107245,胡琴说（下）,8375533,1,0,36867,8375533,1107245,oNGxt55dXFhKdHeRiFcD8GQCzrKg,oNGxt55dXFhKdHeRiFcD8GQCzrKg_bak
13904,进阶班0310期-小靳老师班,1107245,胡琴说（下）,8375619,1,0,36770,8375619,1107245,oNGxt53PcI10ypjz8i0ZWlDoJjw8,oNGxt53PcI10ypjz8i0ZWlDoJjw8_bak
13904,进阶班0310期-小靳老师班,1107245,胡琴说（下）,8375642,1,0,36923,8375642,1107245,oNGxt5xrwiRBcwGt02BSwwv2aMZw,oNGxt5xrwiRBcwGt02BSwwv2aMZw_bak
13904,进阶班0310期-小靳老师班,1107245,胡琴说（下）,8375703,1,0,36863,8375703,1107245,oNGxt55dzV-grwljjtPUjgtOW4T4,oNGxt55dzV-grwljjtPUjgtOW4T4_bak
13904,进阶班0310期-小靳老师班,1107245,胡琴说（下）,8375949,1,0,36864,8375949,1107245,oNGxt51Fqq2bAyvnWsypo6gk9nNo,oNGxt51Fqq2bAyvnWsypo6gk9nNo_bak
13904,进阶班0310期-小靳老师班,1107245,胡琴说（下）,8376264,1,0,37140,8376264,1107245,oNGxt50bOrqZmWbgjwwrvL4ncsoA,oNGxt50bOrqZmWbgjwwrvL4ncsoA_bak
13904,进阶班0310期-小靳老师班,1107245,胡琴说（下）,8376560,1,0,36836,8376560,1107245,oNGxt52aC_tsSeTMmB2NQYck7q_k,oNGxt52aC_tsSeTMmB2NQYck7q_k_bak
13904,进阶班0310期-小靳老师班,1107245,胡琴说（下）,8376968,1,0,37123,8376968,1107245,oNGxt58KKYtFlkmwpBBZa2wXvp4s,oNGxt58KKYtFlkmwpBBZa2wXvp4s_bak
13904,进阶班0310期-小靳老师班,1107245,胡琴说（下）,8377001,1,0,36812,8377001,1107245,oNGxt52ffA_WQ6yADSk_rNhHx5R4,oNGxt52ffA_WQ6yADSk_rNhHx5R4_bak
13904,进阶班0310期-小靳老师班,1107245,胡琴说（下）,8377058,1,0,36844,8377058,1107245,oNGxt5xJLFrDVZusosNQtWoqe3Io,oNGxt5xJLFrDVZusosNQtWoqe3Io_bak
13904,进阶班0310期-小靳老师班,1107245,胡琴说（下）,8377395,1,0,36779,8377395,1107245,oNGxt5-2Qo2D0Z0vqS7QCKk7SMjc,oNGxt5-2Qo2D0Z0vqS7QCKk7SMjc_bak
13904,进阶班0310期-小靳老师班,1107245,胡琴说（下）,8377810,1,0,36820,8377810,1107245,oNGxt527a-gCVw4-TYSYCefuq6zE,oNGxt527a-gCVw4-TYSYCefuq6zE_bak
13904,进阶班0310期-小靳老师班,1107245,胡琴说（下）,8378248,1,0,36837,8378248,1107245,oNGxt5zHuRa8ix9VpKhADMNcUJiM,oNGxt5zHuRa8ix9VpKhADMNcUJiM_bak
13904,进阶班0310期-小靳老师班,1107245,胡琴说（下）,8378419,1,0,37124,8378419,1107245,oNGxt53aNfLkx-bBx63kLTBPoqQo,oNGxt53aNfLkx-bBx63kLTBPoqQo_bak
13904,进阶班0310期-小靳老师班,1107245,胡琴说（下）,8378600,1,0,36903,8378600,1107245,oNGxt55ifL-g4nOFcVKRsMddaXIk,oNGxt55ifL-g4nOFcVKRsMddaXIk_bak
13904,进阶班0310期-小靳老师班,1107245,胡琴说（下）,8378635,1,0,36807,8378635,1107245,oNGxt53WZcezgJ3gr86pwk9Izlyg,oNGxt53WZcezgJ3gr86pwk9Izlyg_bak
13904,进阶班0310期-小靳老师班,1107245,胡琴说（下）,8378718,1,0,36776,8378718,1107245,oNGxt5w6fhL2NkcAPj9XGehIKr9o,oNGxt5w6fhL2NkcAPj9XGehIKr9o_bak
13904,进阶班0310期-小靳老师班,1107245,胡琴说（下）,8379109,1,0,36882,8379109,1107245,oNGxt5y9H4qoMQfdsWP3FSqCmEgc,oNGxt5y9H4qoMQfdsWP3FSqCmEgc_bak
13904,进阶班0310期-小靳老师班,1107245,胡琴说（下）,8379109,1,0,36892,8379109,1107245,oNGxt5y9H4qoMQfdsWP3FSqCmEgc,oNGxt5y9H4qoMQfdsWP3FSqCmEgc_bak
13904,进阶班0310期-小靳老师班,1107245,胡琴说（下）,8379144,1,0,37115,8379144,1107245,oNGxt56_Rong0h6H93hbIt3cDCfM,oNGxt56_Rong0h6H93hbIt3cDCfM_bak
13904,进阶班0310期-小靳老师班,1107245,胡琴说（下）,8379955,1,0,36848,8379955,1107245,oNGxt51eulj1pM5IelKfVO8EAoGI,oNGxt51eulj1pM5IelKfVO8EAoGI_bak
13904,进阶班0310期-小靳老师班,1107245,胡琴说（下）,8380003,1,0,36878,8380003,1107245,oNGxt5-lKDih75VG4aNr9bAKD4fo,oNGxt5-lKDih75VG4aNr9bAKD4fo_bak
13904,进阶班0310期-小靳老师班,1107245,胡琴说（下）,8380096,1,0,36912,8380096,1107245,oNGxt53oJNgvtpVV_oUE55M4_yu8,oNGxt53oJNgvtpVV_oUE55M4_yu8_bak
13904,进阶班0310期-小靳老师班,1107245,胡琴说（下）,8380297,1,0,37144,8380297,1107245,oNGxt56VkPSz5u152JLhcDQmS-C0,oNGxt56VkPSz5u152JLhcDQmS-C0_bak
13904,进阶班0310期-小靳老师班,1107245,胡琴说（下）,8384276,1,0,36862,8384276,1107245,oNGxt5_wxDi9in7B9Eyrf_7nnCcw,oNGxt5_wxDi9in7B9Eyrf_7nnCcw_bak
13904,进阶班0310期-小靳老师班,1107245,胡琴说（下）,8384690,1,0,36795,8384690,1107245,oNGxt5ynJeX8ZOHCBeAn2WuuBA14,oNGxt5ynJeX8ZOHCBeAn2WuuBA14_bak
13904,进阶班0310期-小靳老师班,1107245,胡琴说（下）,8387485,1,0,36856,8387485,1107245,oNGxt5yDMOTGLFXPIox6Qly8ckmE,oNGxt5yDMOTGLFXPIox6Qly8ckmE_bak
13904,进阶班0310期-小靳老师班,1107245,胡琴说（下）,8388842,1,0,36804,8388842,1107245,oNGxt5wGWJwZ4Vxa0uQtCz9g5h4w,oNGxt5wGWJwZ4Vxa0uQtCz9g5h4w_bak
13904,进阶班0310期-小靳老师班,1107245,胡琴说（下）,8390966,1,0,36895,8390966,1107245,oNGxt5_1Iqa1OE_XuoiIJ1ESWNTY,oNGxt5_1Iqa1OE_XuoiIJ1ESWNTY_bak
13904,进阶班0310期-小靳老师班,1107245,胡琴说（下）,8390998,1,0,37150,8390998,1107245,oNGxt5w_tIn67RR-AfCu-SUgFEYw,oNGxt5w_tIn67RR-AfCu-SUgFEYw_bak
13904,进阶班0310期-小靳老师班,1107245,胡琴说（下）,8395502,1,0,36802,8395502,1107245,oNGxt50uZRGM9eWeDhm9Y0fPSS98,oNGxt50uZRGM9eWeDhm9Y0fPSS98_bak
13904,进阶班0310期-小靳老师班,1107245,胡琴说（下）,8395804,1,0,36846,8395804,1107245,oNGxt5_QkJIyvoOyPqCyHbh0Ji8g,oNGxt5_QkJIyvoOyPqCyHbh0Ji8g_bak
13904,进阶班0310期-小靳老师班,1107245,胡琴说（下）,8396326,1,0,36897,8396326,1107245,oNGxt50SRcLiCA725j8oKiHNmR3Y,oNGxt50SRcLiCA725j8oKiHNmR3Y_bak
13904,进阶班0310期-小靳老师班,1107245,胡琴说（下）,8396428,1,0,36813,8396428,1107245,oNGxt569wDj4LJtEtmzlDMCa4b44,oNGxt569wDj4LJtEtmzlDMCa4b44_bak
13904,进阶班0310期-小靳老师班,1107245,胡琴说（下）,8396439,1,0,36854,8396439,1107245,oNGxt5xd4wrLP50BIorK9HlSvuS8,oNGxt5xd4wrLP50BIorK9HlSvuS8_bak
13904,进阶班0310期-小靳老师班,1107245,胡琴说（下）,8399343,1,0,37129,8399343,1107245,oNGxt59YLQiYWzLDnO2yGtPIRoKQ,oNGxt59YLQiYWzLDnO2yGtPIRoKQ_bak
13904,进阶班0310期-小靳老师班,1107245,胡琴说（下）,8402677,1,0,36906,8402677,1107245,oNGxt5wIT9AVmdEp8cfpvB6bs9fg,oNGxt5wIT9AVmdEp8cfpvB6bs9fg_bak
13904,进阶班0310期-小靳老师班,1107245,胡琴说（下）,8403356,1,0,36768,8403356,1107245,oNGxt5zGwxdn-a9qqyylr1_SB5fA,oNGxt5zGwxdn-a9qqyylr1_SB5fA_bak
13904,进阶班0310期-小靳老师班,1107245,胡琴说（下）,8404199,1,0,36794,8404199,1107245,oNGxt53V55ZlDHOp8ODgx-EiGEKc,oNGxt53V55ZlDHOp8ODgx-EiGEKc_bak
13904,进阶班0310期-小靳老师班,1107245,胡琴说（下）,8404748,1,0,37137,8404748,1107245,oNGxt55eslaaxxCXrVwNTjmklKJY,oNGxt55eslaaxxCXrVwNTjmklKJY_bak
13904,进阶班0310期-小靳老师班,1107245,胡琴说（下）,8406623,1,0,36931,8406623,1107245,oNGxt5wvwE3FHeXf2XEtY2jToxXU,oNGxt5wvwE3FHeXf2XEtY2jToxXU_bak
13904,进阶班0310期-小靳老师班,1107245,胡琴说（下）,8407635,1,0,37110,8407635,1107245,oNGxt51FaXuUcZ4E5ueJ6RfwuLdY,oNGxt51FaXuUcZ4E5ueJ6RfwuLdY_bak
13904,进阶班0310期-小靳老师班,1107245,胡琴说（下）,8416377,1,0,37139,8416377,1107245,oNGxt5zsQ1zPFj_Mw2xdAWu0i3Xs,oNGxt5zsQ1zPFj_Mw2xdAWu0i3Xs_bak
13904,进阶班0310期-小靳老师班,1107245,胡琴说（下）,8429911,1,0,36857,8429911,1107245,oNGxt54GnLuqj9w2qXGnXDAx9Igk,oNGxt54GnLuqj9w2qXGnXDAx9Igk_bak
13904,进阶班0310期-小靳老师班,1107245,胡琴说（下）,8430959,1,0,37117,8430959,1107245,oNGxt5-JQ52YyaD4ni6krz6FIt-A,oNGxt5-JQ52YyaD4ni6krz6FIt-A_bak
13904,进阶班0310期-小靳老师班,1107245,胡琴说（下）,8433983,1,0,36796,8433983,1107245,oNGxt5_2ni-mJX-_X7Z324o-lrlk,oNGxt5_2ni-mJX-_X7Z324o-lrlk_bak
13904,进阶班0310期-小靳老师班,1107245,胡琴说（下）,8434208,1,0,36901,8434208,1107245,oNGxt595CWN4FOgFTMoqQYcgnG_I,oNGxt595CWN4FOgFTMoqQYcgnG_I_bak
13904,进阶班0310期-小靳老师班,1107245,胡琴说（下）,8434258,1,0,36798,8434258,1107245,oNGxt583EOXUyFaHMC5njKtuKO0o,oNGxt583EOXUyFaHMC5njKtuKO0o_bak
13904,进阶班0310期-小靳老师班,1107245,胡琴说（下）,8434769,1,0,36783,8434769,1107245,oNGxt5yrx8gdumt28AfAAWY-t_O8,oNGxt5yrx8gdumt28AfAAWY-t_O8_bak
13904,进阶班0310期-小靳老师班,1107245,胡琴说（下）,8437754,1,0,36904,8437754,1107245,oNGxt52Ok8eZ4zn3qvMBQDFFKPpw,oNGxt52Ok8eZ4zn3qvMBQDFFKPpw_bak
13904,进阶班0310期-小靳老师班,1107245,胡琴说（下）,8438047,1,0,36766,8438047,1107245,oNGxt55CRJoU2tY6ZGNwkHOOc8C4,oNGxt55CRJoU2tY6ZGNwkHOOc8C4_bak
13904,进阶班0310期-小靳老师班,1107245,胡琴说（下）,8439078,1,0,37114,8439078,1107245,oNGxt53dAa4JMd797mbWtVdUG8T0,oNGxt53dAa4JMd797mbWtVdUG8T0_bak
13904,进阶班0310期-小靳老师班,1107245,胡琴说（下）,8442183,1,0,36920,8442183,1107245,oNGxt5_Yr-7IW9aFom9hUf6kSwzI,oNGxt5_Yr-7IW9aFom9hUf6kSwzI_bak
13904,进阶班0310期-小靳老师班,1107245,胡琴说（下）,8453834,1,0,36769,8453834,1107245,oNGxt55g00JiVW9UFhu6hF5HnuEM,oNGxt55g00JiVW9UFhu6hF5HnuEM_bak
13904,进阶班0310期-小靳老师班,1107245,胡琴说（下）,8459693,1,0,36829,8459693,1107245,oNGxt56VtVr7qIFOdyO6oCIO2Ifk,oNGxt56VtVr7qIFOdyO6oCIO2Ifk_bak
13904,进阶班0310期-小靳老师班,1107245,胡琴说（下）,8477864,1,0,37118,8477864,1107245,oNGxt5wRJCqTkSZgEGBh6X3NosNg,oNGxt5wRJCqTkSZgEGBh6X3NosNg_bak
13904,进阶班0310期-小靳老师班,1107245,胡琴说（下）,8495783,1,0,36828,8495783,1107245,oNGxt5_fMfX4bM__czjRXnWzDbKg,oNGxt5_fMfX4bM__czjRXnWzDbKg_bak
13904,进阶班0310期-小靳老师班,1107245,胡琴说（下）,8501881,1,0,37113,8501881,1107245,oNGxt57lCClHqUfeby59aN5_pXL8,oNGxt57lCClHqUfeby59aN5_pXL8_bak
13904,进阶班0310期-小靳老师班,1107245,胡琴说（下）,8518536,1,0,36869,8518536,1107245,oNGxt55bI-1ox2EXPqzuLg0tfdEE,oNGxt55bI-1ox2EXPqzuLg0tfdEE_bak
13904,进阶班0310期-小靳老师班,1107245,胡琴说（下）,8552568,1,0,36872,8552568,1107245,oNGxt5xBV_RF_8Dt4Ndit7Pwuiwo,oNGxt5xBV_RF_8Dt4Ndit7Pwuiwo_bak
13904,进阶班0310期-小靳老师班,1107245,胡琴说（下）,8589158,1,0,37151,8589158,1107245,oNGxt57lBS2D5kle2shexHTzKhcA,oNGxt57lBS2D5kle2shexHTzKhcA_bak
13904,进阶班0310期-小靳老师班,1107245,胡琴说（下）,8659035,1,0,37116,8659035,1107245,oNGxt57A8rrFRsygkSoFm_Zu4POg,oNGxt57A8rrFRsygkSoFm_Zu4POg_bak
13904,进阶班0310期-小靳老师班,1107245,胡琴说（下）,8705239,1,0,36853,8705239,1107245,oNGxt55gNV1CsYLtF-Y9DobGIVYE,oNGxt55gNV1CsYLtF-Y9DobGIVYE_bak
13904,进阶班0310期-小靳老师班,1107245,胡琴说（下）,8724008,1,0,36778,8724008,1107245,oNGxt5xyubWzGaCd-kR1ntz7I_1Q,oNGxt5xyubWzGaCd-kR1ntz7I_1Q_bak
13904,进阶班0310期-小靳老师班,1107245,胡琴说（下）,8772479,1,0,36654,8772479,1107245,oNGxt57sKZiz2eWWS9YMHNSxEAno,oNGxt57sKZiz2eWWS9YMHNSxEAno_bak
13904,进阶班0310期-小靳老师班,1107245,胡琴说（下）,8852064,1,0,37111,8852064,1107245,oNGxt57LYKWs44XDskNWd36dwaos,oNGxt57LYKWs44XDskNWd36dwaos_bak
13903,进阶班0310期-董董老师班,1107244,胡琴说（下）,8340286,1,0,37070,8340286,1107244,oNGxt57ttlihZE7whQcj5IvnNWLk,oNGxt57ttlihZE7whQcj5IvnNWLk_bak
13903,进阶班0310期-董董老师班,1107244,胡琴说（下）,8340558,1,0,37058,8340558,1107244,oNGxt54x6HVkwgAwWpacmy4LB9g8,oNGxt54x6HVkwgAwWpacmy4LB9g8_bak
13903,进阶班0310期-董董老师班,1107244,胡琴说（下）,8340641,1,0,37089,8340641,1107244,oNGxt52hWhyRin7_JFGF6W82LMi8,oNGxt52hWhyRin7_JFGF6W82LMi8_bak
13903,进阶班0310期-董董老师班,1107244,胡琴说（下）,8341188,1,0,37081,8341188,1107244,oNGxt5yloiioc7aY5oDVeGCN-IA0,oNGxt5yloiioc7aY5oDVeGCN-IA0_bak
13903,进阶班0310期-董董老师班,1107244,胡琴说（下）,8341471,1,0,37000,8341471,1107244,oNGxt5xN9yeh0Gb1ASNziYmjkktk,oNGxt5xN9yeh0Gb1ASNziYmjkktk_bak
13903,进阶班0310期-董董老师班,1107244,胡琴说（下）,8341551,1,0,37012,8341551,1107244,oNGxt52N_mVnEFuBOh1XfFWmMZ7A,oNGxt52N_mVnEFuBOh1XfFWmMZ7A_bak
13903,进阶班0310期-董董老师班,1107244,胡琴说（下）,8341662,1,0,37104,8341662,1107244,oNGxt59HmRLIMq03bbOQnBlXNN7s,oNGxt59HmRLIMq03bbOQnBlXNN7s_bak
13903,进阶班0310期-董董老师班,1107244,胡琴说（下）,8341944,1,0,37047,8341944,1107244,oNGxt53YzwnqX9jmniooKSzNGI08,oNGxt53YzwnqX9jmniooKSzNGI08_bak
13903,进阶班0310期-董董老师班,1107244,胡琴说（下）,8342193,1,0,37005,8342193,1107244,oNGxt5wumhNvLRsnZ_Viy--GSdKs,oNGxt5wumhNvLRsnZ_Viy--GSdKs_bak
13903,进阶班0310期-董董老师班,1107244,胡琴说（下）,8342366,1,0,37082,8342366,1107244,oNGxt5wikr4ybtnBSeTJNJkaD_o4,oNGxt5wikr4ybtnBSeTJNJkaD_o4_bak
13903,进阶班0310期-董董老师班,1107244,胡琴说（下）,8342992,1,0,36997,8342992,1107244,oNGxt537xy6kGNOJRjGb-aE259Wo,oNGxt537xy6kGNOJRjGb-aE259Wo_bak
13903,进阶班0310期-董董老师班,1107244,胡琴说（下）,8343182,1,0,37100,8343182,1107244,oNGxt58rd8CbkrEMA2hNtdZ0G0GA,oNGxt58rd8CbkrEMA2hNtdZ0G0GA_bak
13903,进阶班0310期-董董老师班,1107244,胡琴说（下）,8343333,1,0,36935,8343333,1107244,oNGxt53-ullEeXOqhefqI2hfNA2E,oNGxt53-ullEeXOqhefqI2hfNA2E_bak
13903,进阶班0310期-董董老师班,1107244,胡琴说（下）,8343966,1,0,37015,8343966,1107244,oNGxt55g-eQ9T8hEBTT3iPBFSYQI,oNGxt55g-eQ9T8hEBTT3iPBFSYQI_bak
13903,进阶班0310期-董董老师班,1107244,胡琴说（下）,8344013,1,0,37020,8344013,1107244,oNGxt58UnvAtEaiFbfnph5jWOMWc,oNGxt58UnvAtEaiFbfnph5jWOMWc_bak
13903,进阶班0310期-董董老师班,1107244,胡琴说（下）,8344933,1,0,37023,8344933,1107244,oNGxt532kwpEkCsRRFJ9OMQiCcDE,oNGxt532kwpEkCsRRFJ9OMQiCcDE_bak
13903,进阶班0310期-董董老师班,1107244,胡琴说（下）,8344963,1,0,37095,8344963,1107244,oNGxt53Xyg8cj0xvRFD2_Z6fmQG0,oNGxt53Xyg8cj0xvRFD2_Z6fmQG0_bak
13903,进阶班0310期-董董老师班,1107244,胡琴说（下）,8345047,1,0,37078,8345047,1107244,oNGxt52W1bPm6uKrIkT7b7PU9IF8,oNGxt52W1bPm6uKrIkT7b7PU9IF8_bak
13903,进阶班0310期-董董老师班,1107244,胡琴说（下）,8345157,1,0,36926,8345157,1107244,oNGxt56LSOJKXLKvmbC0ywUE2BZM,oNGxt56LSOJKXLKvmbC0ywUE2BZM_bak
13903,进阶班0310期-董董老师班,1107244,胡琴说（下）,8345308,1,0,37064,8345308,1107244,oNGxt5_F5m5UzC7--FEkcHPxU9DU,oNGxt5_F5m5UzC7--FEkcHPxU9DU_bak
13903,进阶班0310期-董董老师班,1107244,胡琴说（下）,8345323,1,0,36985,8345323,1107244,oNGxt59jy14vnMQNTctdZzKg55yY,oNGxt59jy14vnMQNTctdZzKg55yY_bak
13903,进阶班0310期-董董老师班,1107244,胡琴说（下）,8345759,1,0,36938,8345759,1107244,oNGxt519QgBAlo-bOGpY12RL_zto,oNGxt519QgBAlo-bOGpY12RL_zto_bak
13903,进阶班0310期-董董老师班,1107244,胡琴说（下）,8345951,1,0,36932,8345951,1107244,oNGxt5xOKNhiLitrBA7-dG_QzFQw,oNGxt5xOKNhiLitrBA7-dG_QzFQw_bak
13903,进阶班0310期-董董老师班,1107244,胡琴说（下）,8346147,1,0,36959,8346147,1107244,oNGxt5_kv3ih5iv1fNnP8YOqMz34,oNGxt5_kv3ih5iv1fNnP8YOqMz34_bak
13903,进阶班0310期-董董老师班,1107244,胡琴说（下）,8346719,1,0,37088,8346719,1107244,oNGxt57uyEg3GlFzEDiiuYAuojME,oNGxt57uyEg3GlFzEDiiuYAuojME_bak
13903,进阶班0310期-董董老师班,1107244,胡琴说（下）,8346950,1,0,36927,8346950,1107244,oNGxt5-S77CnCFbX77eOun-u7-HQ,oNGxt5-S77CnCFbX77eOun-u7-HQ_bak
13903,进阶班0310期-董董老师班,1107244,胡琴说（下）,8347118,1,0,37042,8347118,1107244,oNGxt55W3C18NdUF-Xs3E4Q5oEQE,oNGxt55W3C18NdUF-Xs3E4Q5oEQE_bak
13903,进阶班0310期-董董老师班,1107244,胡琴说（下）,8347558,1,0,37091,8347558,1107244,oNGxt51euwN04UnoXvz2A5zQZEl0,oNGxt51euwN04UnoXvz2A5zQZEl0_bak
13903,进阶班0310期-董董老师班,1107244,胡琴说（下）,8347738,1,0,36975,8347738,1107244,oNGxt50dyQxnmkhsZCtpJqJFTbP0,oNGxt50dyQxnmkhsZCtpJqJFTbP0_bak
13903,进阶班0310期-董董老师班,1107244,胡琴说（下）,8347798,1,0,36968,8347798,1107244,oNGxt51yT3yEd122N5VPVJfxtKS8,oNGxt51yT3yEd122N5VPVJfxtKS8_bak
13903,进阶班0310期-董董老师班,1107244,胡琴说（下）,8347813,1,0,37092,8347813,1107244,oNGxt59gEkbPNygM0HV7I2R4Hnkw,oNGxt59gEkbPNygM0HV7I2R4Hnkw_bak
13903,进阶班0310期-董董老师班,1107244,胡琴说（下）,8348477,1,0,37045,8348477,1107244,oNGxt5zeOwdvFBAEfv-tFGNKhspQ,oNGxt5zeOwdvFBAEfv-tFGNKhspQ_bak
13903,进阶班0310期-董董老师班,1107244,胡琴说（下）,8348585,1,0,37028,8348585,1107244,oNGxt50isbO4AO5-L8dK71FxvNsw,oNGxt50isbO4AO5-L8dK71FxvNsw_bak
13903,进阶班0310期-董董老师班,1107244,胡琴说（下）,8349395,1,0,36965,8349395,1107244,oNGxt51Xl4qoVgYkBhcGB0WZ7Rd8,oNGxt51Xl4qoVgYkBhcGB0WZ7Rd8_bak
13903,进阶班0310期-董董老师班,1107244,胡琴说（下）,8349559,1,0,37099,8349559,1107244,oNGxt50DEMv89UZDHhGUmTfoDG6s,oNGxt50DEMv89UZDHhGUmTfoDG6s_bak
13903,进阶班0310期-董董老师班,1107244,胡琴说（下）,8350702,1,0,36949,8350702,1107244,oNGxt51VPp6jkatWVyyjFft4Qz58,oNGxt51VPp6jkatWVyyjFft4Qz58_bak
13903,进阶班0310期-董董老师班,1107244,胡琴说（下）,8350925,1,0,36967,8350925,1107244,oNGxt59qbzukp37_eAe1oaAjiDZo,oNGxt59qbzukp37_eAe1oaAjiDZo_bak
13903,进阶班0310期-董董老师班,1107244,胡琴说（下）,8351155,1,0,37002,8351155,1107244,oNGxt52FNine_MbYZnc6ehCPc8mU,oNGxt52FNine_MbYZnc6ehCPc8mU_bak
13903,进阶班0310期-董董老师班,1107244,胡琴说（下）,8351224,1,0,37087,8351224,1107244,oNGxt58YQFE98An0O6jrjIM-fPLU,oNGxt58YQFE98An0O6jrjIM-fPLU_bak
13903,进阶班0310期-董董老师班,1107244,胡琴说（下）,8351652,1,0,37033,8351652,1107244,oNGxt58T8qwwzVteV8Idh3Fvxbx8,oNGxt58T8qwwzVteV8Idh3Fvxbx8_bak
13903,进阶班0310期-董董老师班,1107244,胡琴说（下）,8353054,1,0,37101,8353054,1107244,oNGxt5wW4vcFs3LPrp8Huk8Smvjo,oNGxt5wW4vcFs3LPrp8Huk8Smvjo_bak
13903,进阶班0310期-董董老师班,1107244,胡琴说（下）,8353223,1,0,36970,8353223,1107244,oNGxt56xPiDZA8dpbLYyeUevRsIQ,oNGxt56xPiDZA8dpbLYyeUevRsIQ_bak
13903,进阶班0310期-董董老师班,1107244,胡琴说（下）,8353354,1,0,37105,8353354,1107244,oNGxt52LpkLTm2tJwPX1QUXSpjJs,oNGxt52LpkLTm2tJwPX1QUXSpjJs_bak
13903,进阶班0310期-董董老师班,1107244,胡琴说（下）,8353363,1,0,37073,8353363,1107244,oNGxt5yqSZV7Qw0zNLpVuB7Aapfg,oNGxt5yqSZV7Qw0zNLpVuB7Aapfg_bak
13903,进阶班0310期-董董老师班,1107244,胡琴说（下）,8353800,1,0,36998,8353800,1107244,oNGxt5_SrlIj9g5Rg3Eo24d8z7qo,oNGxt5_SrlIj9g5Rg3Eo24d8z7qo_bak
13903,进阶班0310期-董董老师班,1107244,胡琴说（下）,8353862,1,0,37013,8353862,1107244,oNGxt51QS40m2OCdK_GM-In7Fyfk,oNGxt51QS40m2OCdK_GM-In7Fyfk_bak
13903,进阶班0310期-董董老师班,1107244,胡琴说（下）,8354412,1,0,37093,8354412,1107244,oNGxt55S4N-2XAHDqL7vUHu1SQ2E,oNGxt55S4N-2XAHDqL7vUHu1SQ2E_bak
13903,进阶班0310期-董董老师班,1107244,胡琴说（下）,8354825,1,0,36952,8354825,1107244,oNGxt58tJnbZj651wJBeMtai3A0E,oNGxt58tJnbZj651wJBeMtai3A0E_bak
13903,进阶班0310期-董董老师班,1107244,胡琴说（下）,8355058,1,0,36992,8355058,1107244,oNGxt5zjkdZQvYCODQy2dn1_StEg,oNGxt5zjkdZQvYCODQy2dn1_StEg_bak
13903,进阶班0310期-董董老师班,1107244,胡琴说（下）,8355298,1,0,37076,8355298,1107244,oNGxt5xhJCbQ6aIJhMH1x3_4O22U,oNGxt5xhJCbQ6aIJhMH1x3_4O22U_bak
13903,进阶班0310期-董董老师班,1107244,胡琴说（下）,8355398,1,0,37063,8355398,1107244,oNGxt5xLYmFg7Im5l2IfD8nskeAY,oNGxt5xLYmFg7Im5l2IfD8nskeAY_bak
13903,进阶班0310期-董董老师班,1107244,胡琴说（下）,8355733,1,0,37036,8355733,1107244,oNGxt56JS-4buwzBXNLe0pEtRdDQ,oNGxt56JS-4buwzBXNLe0pEtRdDQ_bak
13903,进阶班0310期-董董老师班,1107244,胡琴说（下）,8355844,1,0,37069,8355844,1107244,oNGxt5zu5eXNpAO0xQQuX8VlPc8s,oNGxt5zu5eXNpAO0xQQuX8VlPc8s_bak
13903,进阶班0310期-董董老师班,1107244,胡琴说（下）,8355878,1,0,37056,8355878,1107244,oNGxt58qHd8KpRvC7Ee_kVi6LCzU,oNGxt58qHd8KpRvC7Ee_kVi6LCzU_bak
13903,进阶班0310期-董董老师班,1107244,胡琴说（下）,8355927,1,0,37109,8355927,1107244,oNGxt53SC-A3QQmu4d_7fzcSH1GU,oNGxt53SC-A3QQmu4d_7fzcSH1GU_bak
13903,进阶班0310期-董董老师班,1107244,胡琴说（下）,8356155,1,0,37077,8356155,1107244,oNGxt52PaATrQe2WZYnkFc2JIBdk,oNGxt52PaATrQe2WZYnkFc2JIBdk_bak
13903,进阶班0310期-董董老师班,1107244,胡琴说（下）,8356278,1,0,37001,8356278,1107244,oNGxt50Xh1ylDXtZYgZf8htWTeP0,oNGxt50Xh1ylDXtZYgZf8htWTeP0_bak
13903,进阶班0310期-董董老师班,1107244,胡琴说（下）,8356312,1,0,36961,8356312,1107244,oNGxt53BoBmWxcHuytoDT0kjtYf4,oNGxt53BoBmWxcHuytoDT0kjtYf4_bak
13903,进阶班0310期-董董老师班,1107244,胡琴说（下）,8356486,1,0,36603,8356486,1107244,oNGxt5_GboWmGyn8Ev85Uk5WB46Y,oNGxt5_GboWmGyn8Ev85Uk5WB46Y_bak
13903,进阶班0310期-董董老师班,1107244,胡琴说（下）,8357299,1,0,36937,8357299,1107244,oNGxt5y_yBnpnnKazWA5WMlXLSkA,oNGxt5y_yBnpnnKazWA5WMlXLSkA_bak
13903,进阶班0310期-董董老师班,1107244,胡琴说（下）,8357443,1,0,37062,8357443,1107244,oNGxt5wkulZVfupd1TT9-rcQm3D4,oNGxt5wkulZVfupd1TT9-rcQm3D4_bak
13903,进阶班0310期-董董老师班,1107244,胡琴说（下）,8357577,1,0,37031,8357577,1107244,oNGxt51tXUFCwW295TyrYDsoR734,oNGxt51tXUFCwW295TyrYDsoR734_bak
13903,进阶班0310期-董董老师班,1107244,胡琴说（下）,8357824,1,0,36947,8357824,1107244,oNGxt58u3S7hhgH73E5CwqJEKM_Q,oNGxt58u3S7hhgH73E5CwqJEKM_Q_bak
13903,进阶班0310期-董董老师班,1107244,胡琴说（下）,8358044,1,0,37051,8358044,1107244,oNGxt508O6up5zVhws-XN2S5Oshk,oNGxt508O6up5zVhws-XN2S5Oshk_bak
13903,进阶班0310期-董董老师班,1107244,胡琴说（下）,8358291,1,0,37021,8358291,1107244,oNGxt50ROK262KZP35zvfSino55Q,oNGxt50ROK262KZP35zvfSino55Q_bak
13903,进阶班0310期-董董老师班,1107244,胡琴说（下）,8358353,1,0,36993,8358353,1107244,oNGxt56TOCaEkR3YaYdVHSnkrdNA,oNGxt56TOCaEkR3YaYdVHSnkrdNA_bak
13903,进阶班0310期-董董老师班,1107244,胡琴说（下）,8358457,1,0,36994,8358457,1107244,oNGxt587c7_M-WwmsNN1ujHWgXmQ,oNGxt587c7_M-WwmsNN1ujHWgXmQ_bak
13903,进阶班0310期-董董老师班,1107244,胡琴说（下）,8358764,1,0,37004,8358764,1107244,oNGxt59F48tEh8mj14-VLcXb7WmM,oNGxt59F48tEh8mj14-VLcXb7WmM_bak
13903,进阶班0310期-董董老师班,1107244,胡琴说（下）,8358769,1,0,36981,8358769,1107244,oNGxt55-ihLekVVto5wf7SpO4Vt4,oNGxt55-ihLekVVto5wf7SpO4Vt4_bak
13903,进阶班0310期-董董老师班,1107244,胡琴说（下）,8358846,1,0,37043,8358846,1107244,oNGxt53_ePAf10odiroMsKXvauRI,oNGxt53_ePAf10odiroMsKXvauRI_bak
13903,进阶班0310期-董董老师班,1107244,胡琴说（下）,8358907,1,0,36969,8358907,1107244,oNGxt56nWBsLGgUzzCx2ndITUdIw,oNGxt56nWBsLGgUzzCx2ndITUdIw_bak
13903,进阶班0310期-董董老师班,1107244,胡琴说（下）,8359094,1,0,37003,8359094,1107244,oNGxt5007nxaAHNiOlnQjSbCabTM,oNGxt5007nxaAHNiOlnQjSbCabTM_bak
13903,进阶班0310期-董董老师班,1107244,胡琴说（下）,8359329,1,0,36983,8359329,1107244,oNGxt50Yf7AJISt6heezsl-NQ7_E,oNGxt50Yf7AJISt6heezsl-NQ7_E_bak
13903,进阶班0310期-董董老师班,1107244,胡琴说（下）,8359336,1,0,37097,8359336,1107244,oNGxt53lfvjTmF28_XcIs60mfxDc,oNGxt53lfvjTmF28_XcIs60mfxDc_bak
13903,进阶班0310期-董董老师班,1107244,胡琴说（下）,8359588,1,0,37059,8359588,1107244,oNGxt5_hpCtTimWnWWULeZ9_kuTs,oNGxt5_hpCtTimWnWWULeZ9_kuTs_bak
13903,进阶班0310期-董董老师班,1107244,胡琴说（下）,8359814,1,0,36987,8359814,1107244,oNGxt59aFhBurK-h0GxlMVFTl318,oNGxt59aFhBurK-h0GxlMVFTl318_bak
13903,进阶班0310期-董董老师班,1107244,胡琴说（下）,8360343,1,0,37044,8360343,1107244,oNGxt54PeMD2iqo0lg9R-GFij6Vk,oNGxt54PeMD2iqo0lg9R-GFij6Vk_bak
13903,进阶班0310期-董董老师班,1107244,胡琴说（下）,8360535,1,0,37053,8360535,1107244,oNGxt57INwRKsPTVyWH6zKdhcJU4,oNGxt57INwRKsPTVyWH6zKdhcJU4_bak
13903,进阶班0310期-董董老师班,1107244,胡琴说（下）,8361083,1,0,37006,8361083,1107244,oNGxt53cfhd7YLyYKI75otvv7NOQ,oNGxt53cfhd7YLyYKI75otvv7NOQ_bak
13903,进阶班0310期-董董老师班,1107244,胡琴说（下）,8361158,1,0,36977,8361158,1107244,oNGxt57awBoPnER631kvjDZUCJ4I,oNGxt57awBoPnER631kvjDZUCJ4I_bak
13903,进阶班0310期-董董老师班,1107244,胡琴说（下）,8361604,1,0,37016,8361604,1107244,oNGxt5xW7ocj-5f1vXELunXGPZdI,oNGxt5xW7ocj-5f1vXELunXGPZdI_bak
13903,进阶班0310期-董董老师班,1107244,胡琴说（下）,8362028,1,0,37039,8362028,1107244,oNGxt5-TgY8wgURcKMLzzO6Dw1ns,oNGxt5-TgY8wgURcKMLzzO6Dw1ns_bak
13903,进阶班0310期-董董老师班,1107244,胡琴说（下）,8362561,1,0,37040,8362561,1107244,oNGxt5ywCIqK8iBPS2trIoDIap5k,oNGxt5ywCIqK8iBPS2trIoDIap5k_bak
13903,进阶班0310期-董董老师班,1107244,胡琴说（下）,8362894,1,0,37098,8362894,1107244,oNGxt55KhICi6f2CoD_tc4PineiY,oNGxt55KhICi6f2CoD_tc4PineiY_bak
13903,进阶班0310期-董董老师班,1107244,胡琴说（下）,8362947,1,0,36995,8362947,1107244,oNGxt57Jh8IllQtDO4ty5OkTbYnI,oNGxt57Jh8IllQtDO4ty5OkTbYnI_bak
13903,进阶班0310期-董董老师班,1107244,胡琴说（下）,8363090,1,0,36996,8363090,1107244,oNGxt5wcfrwDfIhq-w1Z8y_IISeI,oNGxt5wcfrwDfIhq-w1Z8y_IISeI_bak
13903,进阶班0310期-董董老师班,1107244,胡琴说（下）,8363244,1,0,37019,8363244,1107244,oNGxt561ZMcPpIqFUXrZx-ykSaEs,oNGxt561ZMcPpIqFUXrZx-ykSaEs_bak
13903,进阶班0310期-董董老师班,1107244,胡琴说（下）,8363680,1,0,36984,8363680,1107244,oNGxt5_mA3RIiXJU3OVSpR-B4j14,oNGxt5_mA3RIiXJU3OVSpR-B4j14_bak
13903,进阶班0310期-董董老师班,1107244,胡琴说（下）,8363687,1,0,36948,8363687,1107244,oNGxt58H8sgfdFDIwWXQOqOtGJzQ,oNGxt58H8sgfdFDIwWXQOqOtGJzQ_bak
13903,进阶班0310期-董董老师班,1107244,胡琴说（下）,8363695,1,0,37057,8363695,1107244,oNGxt51lAhlR84NK_VPWJfG6Drzo,oNGxt51lAhlR84NK_VPWJfG6Drzo_bak
13903,进阶班0310期-董董老师班,1107244,胡琴说（下）,8363873,1,0,36929,8363873,1107244,oNGxt57B8mwxNFhRxJ0OcTFGhvOo,oNGxt57B8mwxNFhRxJ0OcTFGhvOo_bak
13903,进阶班0310期-董董老师班,1107244,胡琴说（下）,8364286,1,0,36940,8364286,1107244,oNGxt5wBTMTsItCWDeoVv03n7LEk,oNGxt5wBTMTsItCWDeoVv03n7LEk_bak
13903,进阶班0310期-董董老师班,1107244,胡琴说（下）,8364352,1,0,36971,8364352,1107244,oNGxt5yi1Ui8ARRKkfhVAZd6sHrc,oNGxt5yi1Ui8ARRKkfhVAZd6sHrc_bak
13903,进阶班0310期-董董老师班,1107244,胡琴说（下）,8364393,1,0,37084,8364393,1107244,oNGxt59lD9UlP363ml2QthHMwrD8,oNGxt59lD9UlP363ml2QthHMwrD8_bak
13903,进阶班0310期-董董老师班,1107244,胡琴说（下）,8364543,1,0,37079,8364543,1107244,oNGxt5zmF5jWt6Ci5QETq-YjIQy0,oNGxt5zmF5jWt6Ci5QETq-YjIQy0_bak
13903,进阶班0310期-董董老师班,1107244,胡琴说（下）,8364760,1,0,37066,8364760,1107244,oNGxt56xlvKkvxeycp2rtndEaiXc,oNGxt56xlvKkvxeycp2rtndEaiXc_bak
13903,进阶班0310期-董董老师班,1107244,胡琴说（下）,8364862,1,0,36953,8364862,1107244,oNGxt5wJwG5mVkKhCX0AqGl1VnMs,oNGxt5wJwG5mVkKhCX0AqGl1VnMs_bak
13903,进阶班0310期-董董老师班,1107244,胡琴说（下）,8365172,1,0,36972,8365172,1107244,oNGxt5yIJSGZhonTujp7EDHxl_pc,oNGxt5yIJSGZhonTujp7EDHxl_pc_bak
13903,进阶班0310期-董董老师班,1107244,胡琴说（下）,8365204,1,0,36974,8365204,1107244,oNGxt582n9gEj1nqukx6XhV4LVxU,oNGxt582n9gEj1nqukx6XhV4LVxU_bak
13903,进阶班0310期-董董老师班,1107244,胡琴说（下）,8365265,1,0,37035,8365265,1107244,oNGxt50sfx82yK5sHvsGa2Rm-8qE,oNGxt50sfx82yK5sHvsGa2Rm-8qE_bak
13903,进阶班0310期-董董老师班,1107244,胡琴说（下）,8365718,1,0,37037,8365718,1107244,oNGxt5_mnjuMJTxrwFiaLAmwo9t8,oNGxt5_mnjuMJTxrwFiaLAmwo9t8_bak
13903,进阶班0310期-董董老师班,1107244,胡琴说（下）,8365886,1,0,37030,8365886,1107244,oNGxt52Q4F5-XGA7CYoumei_VuXg,oNGxt52Q4F5-XGA7CYoumei_VuXg_bak
13903,进阶班0310期-董董老师班,1107244,胡琴说（下）,8366056,1,0,36956,8366056,1107244,oNGxt50ARwVT7uIYPaKLpw-rkQB0,oNGxt50ARwVT7uIYPaKLpw-rkQB0_bak
13903,进阶班0310期-董董老师班,1107244,胡琴说（下）,8366191,1,0,36979,8366191,1107244,oNGxt56vMoGnVY0BzwGsS0ZlRLis,oNGxt56vMoGnVY0BzwGsS0ZlRLis_bak
13903,进阶班0310期-董董老师班,1107244,胡琴说（下）,8366386,1,0,36986,8366386,1107244,oNGxt56M4N1mS9gnUbhhVW_I2zR0,oNGxt56M4N1mS9gnUbhhVW_I2zR0_bak
13903,进阶班0310期-董董老师班,1107244,胡琴说（下）,8366418,1,0,37029,8366418,1107244,oNGxt50Ot-WLhLUb_VoYSWRAtFA0,oNGxt50Ot-WLhLUb_VoYSWRAtFA0_bak
13903,进阶班0310期-董董老师班,1107244,胡琴说（下）,8366745,1,0,36999,8366745,1107244,oNGxt55oy3rinUd0ZdlxUVThfXnA,oNGxt55oy3rinUd0ZdlxUVThfXnA_bak
13903,进阶班0310期-董董老师班,1107244,胡琴说（下）,8366833,1,0,37096,8366833,1107244,oNGxt53c66UCzLsUy7j2x0rnPkc0,oNGxt53c66UCzLsUy7j2x0rnPkc0_bak
13903,进阶班0310期-董董老师班,1107244,胡琴说（下）,8367243,1,0,37049,8367243,1107244,oNGxt51Dvk1OxZjthmEY7-Rrx8Xo,oNGxt51Dvk1OxZjthmEY7-Rrx8Xo_bak
13903,进阶班0310期-董董老师班,1107244,胡琴说（下）,8367398,1,0,37054,8367398,1107244,oNGxt58MCwo6fL2JKvquPjyQsgWk,oNGxt58MCwo6fL2JKvquPjyQsgWk_bak
13903,进阶班0310期-董董老师班,1107244,胡琴说（下）,8367655,1,0,36990,8367655,1107244,oNGxt50c0OQqKVOFZRi9gmKjZ5PY,oNGxt50c0OQqKVOFZRi9gmKjZ5PY_bak
13903,进阶班0310期-董董老师班,1107244,胡琴说（下）,8368351,1,0,37050,8368351,1107244,oNGxt52L2bqmLWqm2KwfTPdep-AQ,oNGxt52L2bqmLWqm2KwfTPdep-AQ_bak
13903,进阶班0310期-董董老师班,1107244,胡琴说（下）,8368555,1,0,37032,8368555,1107244,oNGxt5475KdC0HoyCTP27l6PB9iw,oNGxt5475KdC0HoyCTP27l6PB9iw_bak
13903,进阶班0310期-董董老师班,1107244,胡琴说（下）,8368879,1,0,36988,8368879,1107244,oNGxt56kf946iScDlFs860YZ0c_E,oNGxt56kf946iScDlFs860YZ0c_E_bak
13903,进阶班0310期-董董老师班,1107244,胡琴说（下）,8369269,1,0,36936,8369269,1107244,oNGxt5x0R7f3S1RXOUNtyH-phzZQ,oNGxt5x0R7f3S1RXOUNtyH-phzZQ_bak
13903,进阶班0310期-董董老师班,1107244,胡琴说（下）,8369769,1,0,37060,8369769,1107244,oNGxt51gX25aakxoZDJg9eVmJyXs,oNGxt51gX25aakxoZDJg9eVmJyXs_bak
13903,进阶班0310期-董董老师班,1107244,胡琴说（下）,8369773,1,0,36945,8369773,1107244,oNGxt5_ouUVCHoUq7jlZEAXlqgPQ,oNGxt5_ouUVCHoUq7jlZEAXlqgPQ_bak
13903,进阶班0310期-董董老师班,1107244,胡琴说（下）,8369980,1,0,37011,8369980,1107244,oNGxt5xNZ0n1vFS5wi4LsBai_34o,oNGxt5xNZ0n1vFS5wi4LsBai_34o_bak
13903,进阶班0310期-董董老师班,1107244,胡琴说（下）,8370021,1,0,37010,8370021,1107244,oNGxt53qZNB-lYNmY2szggyKh5ds,oNGxt53qZNB-lYNmY2szggyKh5ds_bak
13903,进阶班0310期-董董老师班,1107244,胡琴说（下）,8370388,1,0,36946,8370388,1107244,oNGxt5xp6P07MjSznyYq2HN1-56g,oNGxt5xp6P07MjSznyYq2HN1-56g_bak
13903,进阶班0310期-董董老师班,1107244,胡琴说（下）,8370647,1,0,36950,8370647,1107244,oNGxt58p3Hio1xTqxOl26iWAKLXo,oNGxt58p3Hio1xTqxOl26iWAKLXo_bak
13903,进阶班0310期-董董老师班,1107244,胡琴说（下）,8371189,1,0,37052,8371189,1107244,oNGxt57g2BOcoagOxP1walQrwzmg,oNGxt57g2BOcoagOxP1walQrwzmg_bak
13903,进阶班0310期-董董老师班,1107244,胡琴说（下）,8371456,1,0,37090,8371456,1107244,oNGxt5w1wRNs1BW7A-USNLtl6lKQ,oNGxt5w1wRNs1BW7A-USNLtl6lKQ_bak
13903,进阶班0310期-董董老师班,1107244,胡琴说（下）,8372813,1,0,37067,8372813,1107244,oNGxt5zvJZdeUiJw-wJYYwKDAFl0,oNGxt5zvJZdeUiJw-wJYYwKDAFl0_bak
13903,进阶班0310期-董董老师班,1107244,胡琴说（下）,8373075,1,0,36963,8373075,1107244,oNGxt5w8T8isV5WaPwVXs2BYd92U,oNGxt5w8T8isV5WaPwVXs2BYd92U_bak
13903,进阶班0310期-董董老师班,1107244,胡琴说（下）,8374162,1,0,37038,8374162,1107244,oNGxt5wOsmih0KuQgM2oU9nXpVBM,oNGxt5wOsmih0KuQgM2oU9nXpVBM_bak
13903,进阶班0310期-董董老师班,1107244,胡琴说（下）,8374685,1,0,36934,8374685,1107244,oNGxt50wJHvv7FOPH-mCoJP7-K1I,oNGxt50wJHvv7FOPH-mCoJP7-K1I_bak
13903,进阶班0310期-董董老师班,1107244,胡琴说（下）,8374697,1,0,37024,8374697,1107244,oNGxt554XXM46O8_5I34Mmd8If7c,oNGxt554XXM46O8_5I34Mmd8If7c_bak
13903,进阶班0310期-董董老师班,1107244,胡琴说（下）,8374880,1,0,37075,8374880,1107244,oNGxt54jYyQdbF4NvDKsmRbjVZKQ,oNGxt54jYyQdbF4NvDKsmRbjVZKQ_bak
13903,进阶班0310期-董董老师班,1107244,胡琴说（下）,8375021,1,0,37041,8375021,1107244,oNGxt5_QjHKattLHvlmo4ZEk_Ing,oNGxt5_QjHKattLHvlmo4ZEk_Ing_bak
13903,进阶班0310期-董董老师班,1107244,胡琴说（下）,8375522,1,0,37007,8375522,1107244,oNGxt53udXSjQM64LH1s1eIGFd0M,oNGxt53udXSjQM64LH1s1eIGFd0M_bak
13903,进阶班0310期-董董老师班,1107244,胡琴说（下）,8375596,1,0,37018,8375596,1107244,oNGxt52ihH10jZNOqIwWLWcqbsC4,oNGxt52ihH10jZNOqIwWLWcqbsC4_bak
13903,进阶班0310期-董董老师班,1107244,胡琴说（下）,8375852,1,0,36973,8375852,1107244,oNGxt5wr5w2utDHhowrrNx2JpDpk,oNGxt5wr5w2utDHhowrrNx2JpDpk_bak
13903,进阶班0310期-董董老师班,1107244,胡琴说（下）,8375889,1,0,37071,8375889,1107244,oNGxt57yH8N8xBDFsDCCf620mQzw,oNGxt57yH8N8xBDFsDCCf620mQzw_bak
13903,进阶班0310期-董董老师班,1107244,胡琴说（下）,8376246,1,0,37017,8376246,1107244,oNGxt58s3B1FyT7f6giCdBIzKOEc,oNGxt58s3B1FyT7f6giCdBIzKOEc_bak
13903,进阶班0310期-董董老师班,1107244,胡琴说（下）,8376895,1,0,37094,8376895,1107244,oNGxt572Wa9prPyYePAvVlSbsIRg,oNGxt572Wa9prPyYePAvVlSbsIRg_bak
13903,进阶班0310期-董董老师班,1107244,胡琴说（下）,8377005,1,0,37068,8377005,1107244,oNGxt55dlP7spt4t-m9Z9WSq-J50,oNGxt55dlP7spt4t-m9Z9WSq-J50_bak
13903,进阶班0310期-董董老师班,1107244,胡琴说（下）,8377094,1,0,36980,8377094,1107244,oNGxt53t_S-g7YWl_ybKH0Za4ZH8,oNGxt53t_S-g7YWl_ybKH0Za4ZH8_bak
13903,进阶班0310期-董董老师班,1107244,胡琴说（下）,8377145,1,0,37014,8377145,1107244,oNGxt52nJIokwNHcpnbVhGavvRyo,oNGxt52nJIokwNHcpnbVhGavvRyo_bak
13903,进阶班0310期-董董老师班,1107244,胡琴说（下）,8377387,1,0,37046,8377387,1107244,oNGxt5y_WqNQV1yceZxQudMHVoQg,oNGxt5y_WqNQV1yceZxQudMHVoQg_bak
13903,进阶班0310期-董董老师班,1107244,胡琴说（下）,8377469,1,0,36933,8377469,1107244,oNGxt548ebBnID4egX-pnVWnyaUM,oNGxt548ebBnID4egX-pnVWnyaUM_bak
13903,进阶班0310期-董董老师班,1107244,胡琴说（下）,8377625,1,0,37025,8377625,1107244,oNGxt5zrf-lExC3rR2JKVJGmPWqI,oNGxt5zrf-lExC3rR2JKVJGmPWqI_bak
13903,进阶班0310期-董董老师班,1107244,胡琴说（下）,8377967,1,0,37048,8377967,1107244,oNGxt53dy39ofDPNzTpuIVl60Kl0,oNGxt53dy39ofDPNzTpuIVl60Kl0_bak
13903,进阶班0310期-董董老师班,1107244,胡琴说（下）,8378773,1,0,37072,8378773,1107244,oNGxt51rIEGYyiNlEB6F_RQBS7Nc,oNGxt51rIEGYyiNlEB6F_RQBS7Nc_bak
13903,进阶班0310期-董董老师班,1107244,胡琴说（下）,8379009,1,0,37055,8379009,1107244,oNGxt5_X2sgeT1l4jr-8D4CmZAc8,oNGxt5_X2sgeT1l4jr-8D4CmZAc8_bak
13903,进阶班0310期-董董老师班,1107244,胡琴说（下）,8379466,1,0,36976,8379466,1107244,oNGxt55Yl0TQVRgIjwb1xdLLZDs0,oNGxt55Yl0TQVRgIjwb1xdLLZDs0_bak
13903,进阶班0310期-董董老师班,1107244,胡琴说（下）,8379824,1,0,36978,8379824,1107244,oNGxt5yc5nFtbqpJq4MJiutjlQfs,oNGxt5yc5nFtbqpJq4MJiutjlQfs_bak
13903,进阶班0310期-董董老师班,1107244,胡琴说（下）,8380001,1,0,36989,8380001,1107244,oNGxt5yv46QJBe1gcdRbHVXj-6gA,oNGxt5yv46QJBe1gcdRbHVXj-6gA_bak
13903,进阶班0310期-董董老师班,1107244,胡琴说（下）,8380143,1,0,37026,8380143,1107244,oNGxt5xj5AnQ3nAOR30bvX-6z_84,oNGxt5xj5AnQ3nAOR30bvX-6z_84_bak
13903,进阶班0310期-董董老师班,1107244,胡琴说（下）,8380692,1,0,37061,8380692,1107244,oNGxt5xEeJvn1UZ3WPXCMuL57-mU,oNGxt5xEeJvn1UZ3WPXCMuL57-mU_bak
13903,进阶班0310期-董董老师班,1107244,胡琴说（下）,8381448,1,0,37106,8381448,1107244,oNGxt55azDSsrSEZxQuobHq6MK_0,oNGxt55azDSsrSEZxQuobHq6MK_0_bak
13903,进阶班0310期-董董老师班,1107244,胡琴说（下）,8383949,1,0,36964,8383949,1107244,oNGxt5_V5Ptny-EQhSdfH63AHX7k,oNGxt5_V5Ptny-EQhSdfH63AHX7k_bak
13903,进阶班0310期-董董老师班,1107244,胡琴说（下）,8385344,1,0,37022,8385344,1107244,oNGxt51iWRsPNwQ14adOuGTaZQK4,oNGxt51iWRsPNwQ14adOuGTaZQK4_bak
13903,进阶班0310期-董董老师班,1107244,胡琴说（下）,8386821,1,0,37080,8386821,1107244,oNGxt5-_qfXzF0GNkOuOxgIdCAOA,oNGxt5-_qfXzF0GNkOuOxgIdCAOA_bak
13903,进阶班0310期-董董老师班,1107244,胡琴说（下）,8387328,1,0,37107,8387328,1107244,oNGxt57FkQiBtI3to6k1t-N0YAto,oNGxt57FkQiBtI3to6k1t-N0YAto_bak
13903,进阶班0310期-董董老师班,1107244,胡琴说（下）,8388635,1,0,37074,8388635,1107244,oNGxt5_aNEeOyCDFbvLLbUY2m1O4,oNGxt5_aNEeOyCDFbvLLbUY2m1O4_bak
13903,进阶班0310期-董董老师班,1107244,胡琴说（下）,8389408,1,0,36991,8389408,1107244,oNGxt50JdPvNFJCYGrUD4cMFKt9k,oNGxt50JdPvNFJCYGrUD4cMFKt9k_bak
13903,进阶班0310期-董董老师班,1107244,胡琴说（下）,8390985,1,0,37027,8390985,1107244,oNGxt58meJOBrpbVRpYnzfxBhJnk,oNGxt58meJOBrpbVRpYnzfxBhJnk_bak
13903,进阶班0310期-董董老师班,1107244,胡琴说（下）,8393141,1,0,37065,8393141,1107244,oNGxt5-QFV0liTZdtHIxja8V-wyY,oNGxt5-QFV0liTZdtHIxja8V-wyY_bak
13903,进阶班0310期-董董老师班,1107244,胡琴说（下）,8393302,1,0,37085,8393302,1107244,oNGxt5-_KofIRH-zKOSmPJ2xpTHc,oNGxt5-_KofIRH-zKOSmPJ2xpTHc_bak
13903,进阶班0310期-董董老师班,1107244,胡琴说（下）,8394425,1,0,37008,8394425,1107244,oNGxt57bAuRXbiL8DDvxDSHZcxw4,oNGxt57bAuRXbiL8DDvxDSHZcxw4_bak
13903,进阶班0310期-董董老师班,1107244,胡琴说（下）,8398091,1,0,37103,8398091,1107244,oNGxt51TXg7WLHIycGSkcn_yu3Kw,oNGxt51TXg7WLHIycGSkcn_yu3Kw_bak
13903,进阶班0310期-董董老师班,1107244,胡琴说（下）,8398413,1,0,36955,8398413,1107244,oNGxt5634yu_dhrhZMlt_qXrlz8Y,oNGxt5634yu_dhrhZMlt_qXrlz8Y_bak
13903,进阶班0310期-董董老师班,1107244,胡琴说（下）,8401977,1,0,36954,8401977,1107244,oNGxt55jrDvg_u5Ig7OLoY5j3rVM,oNGxt55jrDvg_u5Ig7OLoY5j3rVM_bak
13903,进阶班0310期-董董老师班,1107244,胡琴说（下）,8404217,1,0,36966,8404217,1107244,oNGxt53xWxk739C3DoqQvKBF1X34,oNGxt53xWxk739C3DoqQvKBF1X34_bak
13903,进阶班0310期-董董老师班,1107244,胡琴说（下）,8404943,1,0,37009,8404943,1107244,oNGxt5wy7J8w4YLbQBpwXNnoQadc,oNGxt5wy7J8w4YLbQBpwXNnoQadc_bak
13903,进阶班0310期-董董老师班,1107244,胡琴说（下）,8405520,1,0,37034,8405520,1107244,oNGxt5yotuqrgEt-xap5rH_hq63M,oNGxt5yotuqrgEt-xap5rH_hq63M_bak
13903,进阶班0310期-董董老师班,1107244,胡琴说（下）,8407811,1,0,37102,8407811,1107244,oNGxt53hfcFm9UrDG-OoJQLKjJeU,oNGxt53hfcFm9UrDG-OoJQLKjJeU_bak
13903,进阶班0310期-董董老师班,1107244,胡琴说（下）,8408819,1,0,37086,8408819,1107244,oNGxt594Wscucsg7ObWwVwBCMqi8,oNGxt594Wscucsg7ObWwVwBCMqi8_bak
13903,进阶班0310期-董董老师班,1107244,胡琴说（下）,8410911,1,0,36951,8410911,1107244,oNGxt56N-9ZcO_XzEeFSnry61iDc,oNGxt56N-9ZcO_XzEeFSnry61iDc_bak
13903,进阶班0310期-董董老师班,1107244,胡琴说（下）,8412146,1,0,36930,8412146,1107244,oNGxt5-YHnaQLxPG3gnt2BqBQLzE,oNGxt5-YHnaQLxPG3gnt2BqBQLzE_bak
13903,进阶班0310期-董董老师班,1107244,胡琴说（下）,8412353,1,0,36958,8412353,1107244,oNGxt5zeccJ46y1qZt0JqvmqtPi4,oNGxt5zeccJ46y1qZt0JqvmqtPi4_bak
13903,进阶班0310期-董董老师班,1107244,胡琴说（下）,8413835,1,0,36957,8413835,1107244,oNGxt5zdpahE-oLQOAXu0n6iWuDo,oNGxt5zdpahE-oLQOAXu0n6iWuDo_bak
13903,进阶班0310期-董董老师班,1107244,胡琴说（下）,8414132,1,0,36960,8414132,1107244,oNGxt50sLmtarjBZYDlrhJmOTwKc,oNGxt50sLmtarjBZYDlrhJmOTwKc_bak
13903,进阶班0310期-董董老师班,1107244,胡琴说（下）,8416671,1,0,36962,8416671,1107244,oNGxt53tP4uAsX0YLmhvzcWjAI28,oNGxt53tP4uAsX0YLmhvzcWjAI28_bak
13903,进阶班0310期-董董老师班,1107244,胡琴说（下）,8420463,1,0,36605,8420463,1107244,oNGxt50Pw9g03dQvG-LFrRoThTM8,oNGxt50Pw9g03dQvG-LFrRoThTM8_bak
13903,进阶班0310期-董董老师班,1107244,胡琴说（下）,8420672,1,0,37108,8420672,1107244,oNGxt5wSCwVV57f1jMY6SBycdXKQ,oNGxt5wSCwVV57f1jMY6SBycdXKQ_bak
13903,进阶班0310期-董董老师班,1107244,胡琴说（下）,8422943,1,0,36982,8422943,1107244,oNGxt59gW8rS6LvbHB0nNLKzoYQk,oNGxt59gW8rS6LvbHB0nNLKzoYQk_bak
13903,进阶班0310期-董董老师班,1107244,胡琴说（下）,8429566,1,0,36611,8429566,1107244,oNGxt5zDfpeqgY8bnRkv4ekglK0M,oNGxt5zDfpeqgY8bnRkv4ekglK0M_bak
13903,进阶班0310期-董董老师班,1107244,胡琴说（下）,8429754,1,0,37083,8429754,1107244,oNGxt55uMu7fu4eglS4CQ494kvIA,oNGxt55uMu7fu4eglS4CQ494kvIA_bak
13903,进阶班0310期-董董老师班,1107244,胡琴说（下）,8429959,1,0,36640,8429959,1107244,oNGxt55HKb-S35hLFYLyHcwUPE4Q,oNGxt55HKb-S35hLFYLyHcwUPE4Q_bak
13903,进阶班0310期-董董老师班,1107244,胡琴说（下）,8433202,1,0,36620,8433202,1107244,oNGxt5_GboWmGyn8Ev85Uk5WB46Y,oNGxt5_GboWmGyn8Ev85Uk5WB46Y_bak
13903,进阶班0310期-董董老师班,1107244,胡琴说（下）,8433353,1,0,36617,8433353,1107244,oNGxt5_GboWmGyn8Ev85Uk5WB46Y,oNGxt5_GboWmGyn8Ev85Uk5WB46Y_bak
13903,进阶班0310期-董董老师班,1107244,胡琴说（下）,8433784,1,0,36604,8433784,1107244,oNGxt5yktoncHEUzg5X0H1vtlvxs,oNGxt5yktoncHEUzg5X0H1vtlvxs_bak
13903,进阶班0310期-董董老师班,1107244,胡琴说（下）,8435525,1,0,36606,8435525,1107244,oNGxt549PVRHA6u5NxizAOCyoSE8,oNGxt549PVRHA6u5NxizAOCyoSE8_bak
13903,进阶班0310期-董董老师班,1107244,胡琴说（下）,8438434,1,0,36609,8438434,1107244,oNGxt5w1bXcY5Cy33Jkg1oBCHvTA,oNGxt5w1bXcY5Cy33Jkg1oBCHvTA_bak
13903,进阶班0310期-董董老师班,1107244,胡琴说（下）,8438436,1,0,36613,8438436,1107244,oNGxt5wyB285M5a7Hrgdty9zCdM0,oNGxt5wyB285M5a7Hrgdty9zCdM0_bak
13903,进阶班0310期-董董老师班,1107244,胡琴说（下）,8438522,1,0,36598,8438522,1107244,oNGxt5wyB285M5a7Hrgdty9zCdM0,oNGxt5wyB285M5a7Hrgdty9zCdM0_bak
13903,进阶班0310期-董董老师班,1107244,胡琴说（下）,8439363,1,0,36618,8439363,1107244,oNGxt50H7asknhIOhHV9rkJzoKmU,oNGxt50H7asknhIOhHV9rkJzoKmU_bak
13903,进阶班0310期-董董老师班,1107244,胡琴说（下）,8440763,1,0,36601,8440763,1107244,oNGxt56qT8O2TGKDaSDY2BjNPUQo,oNGxt56qT8O2TGKDaSDY2BjNPUQo_bak
13903,进阶班0310期-董董老师班,1107244,胡琴说（下）,8441295,1,0,36590,8441295,1107244,oNGxt5y4ZlrXjCVpXuE_GZ9uqq5U,oNGxt5y4ZlrXjCVpXuE_GZ9uqq5U_bak
13903,进阶班0310期-董董老师班,1107244,胡琴说（下）,8441636,1,0,36592,8441636,1107244,oNGxt50Pw9g03dQvG-LFrRoThTM8,oNGxt50Pw9g03dQvG-LFrRoThTM8_bak
13903,进阶班0310期-董董老师班,1107244,胡琴说（下）,8441892,1,0,36621,8441892,1107244,oNGxt5_7B6TyTPyiTxuVIhu3Ns1Q,oNGxt5_7B6TyTPyiTxuVIhu3Ns1Q_bak
13903,进阶班0310期-董董老师班,1107244,胡琴说（下）,8442232,1,0,36610,8442232,1107244,oNGxt5zDfpeqgY8bnRkv4ekglK0M,oNGxt5zDfpeqgY8bnRkv4ekglK0M_bak
13903,进阶班0310期-董董老师班,1107244,胡琴说（下）,8447127,1,0,36622,8447127,1107244,oNGxt5wM-BEg8aHuVY_3RrMfMiKA,oNGxt5wM-BEg8aHuVY_3RrMfMiKA_bak
13903,进阶班0310期-董董老师班,1107244,胡琴说（下）,8448995,1,0,36623,8448995,1107244,oNGxt52p7Da1fiGCrT-lmMBCzGEs,oNGxt52p7Da1fiGCrT-lmMBCzGEs_bak
13903,进阶班0310期-董董老师班,1107244,胡琴说（下）,8449566,1,0,36595,8449566,1107244,oNGxt5zBsADWEx4FXG7y_X4gJ65U,oNGxt5zBsADWEx4FXG7y_X4gJ65U_bak
13903,进阶班0310期-董董老师班,1107244,胡琴说（下）,8451418,1,0,36593,8451418,1107244,oNGxt54gQogTmnEGAEyaYGyG21dU,oNGxt54gQogTmnEGAEyaYGyG21dU_bak
13903,进阶班0310期-董董老师班,1107244,胡琴说（下）,8453793,1,0,36586,8453793,1107244,oNGxt55iQ7SeJ1qCED_MEEgpAu_k,oNGxt55iQ7SeJ1qCED_MEEgpAu_k_bak
13903,进阶班0310期-董董老师班,1107244,胡琴说（下）,8454151,1,0,36588,8454151,1107244,oNGxt5yktoncHEUzg5X0H1vtlvxs,oNGxt5yktoncHEUzg5X0H1vtlvxs_bak
13903,进阶班0310期-董董老师班,1107244,胡琴说（下）,8460470,1,0,36615,8460470,1107244,oNGxt56bkCubzqKkwx3cSfEsD3FQ,oNGxt56bkCubzqKkwx3cSfEsD3FQ_bak
13903,进阶班0310期-董董老师班,1107244,胡琴说（下）,8463912,1,0,36612,8463912,1107244,oNGxt58iWGMJRB67QRK4P0OM6rKY,oNGxt58iWGMJRB67QRK4P0OM6rKY_bak
13903,进阶班0310期-董董老师班,1107244,胡琴说（下）,8464002,1,0,36599,8464002,1107244,oNGxt58iWGMJRB67QRK4P0OM6rKY,oNGxt58iWGMJRB67QRK4P0OM6rKY_bak
13903,进阶班0310期-董董老师班,1107244,胡琴说（下）,8483504,1,0,36589,8483504,1107244,oNGxt50oE3Sy03A3gEFLrSR8bE5c,oNGxt50oE3Sy03A3gEFLrSR8bE5c_bak
13903,进阶班0310期-董董老师班,1107244,胡琴说（下）,8501337,1,0,36614,8501337,1107244,oNGxt54gQogTmnEGAEyaYGyG21dU,oNGxt54gQogTmnEGAEyaYGyG21dU_bak
13903,进阶班0310期-董董老师班,1107244,胡琴说（下）,8512230,1,0,36616,8512230,1107244,oNGxt5-3oofYRS5NimUjoeFdm01s,oNGxt5-3oofYRS5NimUjoeFdm01s_bak
13903,进阶班0310期-董董老师班,1107244,胡琴说（下）,8513070,1,0,36591,8513070,1107244,oNGxt5xl1LHpHvHnjma_2lK3DaJs,oNGxt5xl1LHpHvHnjma_2lK3DaJs_bak
13903,进阶班0310期-董董老师班,1107244,胡琴说（下）,8521554,1,0,36608,8521554,1107244,oNGxt5yF7RkqS-D5kciuscbgDqXw,oNGxt5yF7RkqS-D5kciuscbgDqXw_bak
13903,进阶班0310期-董董老师班,1107244,胡琴说（下）,8521831,1,0,36596,8521831,1107244,oNGxt5yF7RkqS-D5kciuscbgDqXw,oNGxt5yF7RkqS-D5kciuscbgDqXw_bak
13903,进阶班0310期-董董老师班,1107244,胡琴说（下）,8521985,1,0,36624,8521985,1107244,oNGxt5yF7RkqS-D5kciuscbgDqXw,oNGxt5yF7RkqS-D5kciuscbgDqXw_bak
13903,进阶班0310期-董董老师班,1107244,胡琴说（下）,8526837,1,0,36600,8526837,1107244,oNGxt57XKRk9A1yO7ZhnusppTUzQ,oNGxt57XKRk9A1yO7ZhnusppTUzQ_bak
13903,进阶班0310期-董董老师班,1107244,胡琴说（下）,8531054,1,0,36587,8531054,1107244,oNGxt52p7Da1fiGCrT-lmMBCzGEs,oNGxt52p7Da1fiGCrT-lmMBCzGEs_bak
13903,进阶班0310期-董董老师班,1107244,胡琴说（下）,8562070,1,0,36619,8562070,1107244,oNGxt5wM-BEg8aHuVY_3RrMfMiKA,oNGxt5wM-BEg8aHuVY_3RrMfMiKA_bak
13903,进阶班0310期-董董老师班,1107244,胡琴说（下）,8568654,1,0,36602,8568654,1107244,oNGxt50oE3Sy03A3gEFLrSR8bE5c,oNGxt50oE3Sy03A3gEFLrSR8bE5c_bak
13903,进阶班0310期-董董老师班,1107244,胡琴说（下）,8578400,1,0,36607,8578400,1107244,oNGxt5ybymFIfBm7eQWiUZp-sCD8,oNGxt5ybymFIfBm7eQWiUZp-sCD8_bak
13903,进阶班0310期-董董老师班,1107244,胡琴说（下）,8655021,1,0,36594,8655021,1107244,oNGxt50oE3Sy03A3gEFLrSR8bE5c,oNGxt50oE3Sy03A3gEFLrSR8bE5c_bak
13903,进阶班0310期-董董老师班,1107244,胡琴说（下）,8840485,1,0,36597,8840485,1107244,oNGxt5-Utcr0OrXENoJh0Kn13GBY,oNGxt5-Utcr0OrXENoJh0Kn13GBY_bak
13907,进阶班0310期-玉米老师,1107705,胡琴说（下）,8340436,1,0,36919,8340436,1107705,oNGxt53Zxt6GhNFvxBOZJ07pq4Gc,oNGxt53Zxt6GhNFvxBOZJ07pq4Gc_bak
13907,进阶班0310期-玉米老师,1107705,胡琴说（下）,8340721,1,0,36714,8340721,1107705,oNGxt528Hv0iql46DOpix_RDMPhE,oNGxt528Hv0iql46DOpix_RDMPhE_bak
13907,进阶班0310期-玉米老师,1107705,胡琴说（下）,8340726,1,0,36816,8340726,1107705,oNGxt58KwIk4BKVFicMbfzwB2bBM,oNGxt58KwIk4BKVFicMbfzwB2bBM_bak
13907,进阶班0310期-玉米老师,1107705,胡琴说（下）,8340748,1,0,36748,8340748,1107705,oNGxt5zLulUzYSb6W4WW0LJKsTUQ,oNGxt5zLulUzYSb6W4WW0LJKsTUQ_bak
13907,进阶班0310期-玉米老师,1107705,胡琴说（下）,8340965,1,0,36725,8340965,1107705,oNGxt54EgwGhpd2s_Bfojs_cfbv4,oNGxt54EgwGhpd2s_Bfojs_cfbv4_bak
13907,进阶班0310期-玉米老师,1107705,胡琴说（下）,8341192,1,0,37152,8341192,1107705,oNGxt5zseVQMIN4k3FIx1BptdJ5M,oNGxt5zseVQMIN4k3FIx1BptdJ5M_bak
13907,进阶班0310期-玉米老师,1107705,胡琴说（下）,8341367,1,0,36784,8341367,1107705,oNGxt53Pr--TUlpD2H-cjNqSO2nI,oNGxt53Pr--TUlpD2H-cjNqSO2nI_bak
13907,进阶班0310期-玉米老师,1107705,胡琴说（下）,8341473,1,0,36753,8341473,1107705,oNGxt56FwNDPLTdYdHLhVb6GiLyE,oNGxt56FwNDPLTdYdHLhVb6GiLyE_bak
13907,进阶班0310期-玉米老师,1107705,胡琴说（下）,8341582,1,0,37158,8341582,1107705,oNGxt52JIONx3V1IwfyaSm8e2l6c,oNGxt52JIONx3V1IwfyaSm8e2l6c_bak
13907,进阶班0310期-玉米老师,1107705,胡琴说（下）,8341639,1,0,36896,8341639,1107705,oNGxt5-il_H-_7aI1oTuFF2OLico,oNGxt5-il_H-_7aI1oTuFF2OLico_bak
13907,进阶班0310期-玉米老师,1107705,胡琴说（下）,8341780,1,0,36719,8341780,1107705,oNGxt5wsvW0XD-K-aFvvl79VkVDE,oNGxt5wsvW0XD-K-aFvvl79VkVDE_bak
13907,进阶班0310期-玉米老师,1107705,胡琴说（下）,8342197,1,0,36699,8342197,1107705,oNGxt5wnG4e4wCgjcMjyS0D_Gb90,oNGxt5wnG4e4wCgjcMjyS0D_Gb90_bak
13907,进阶班0310期-玉米老师,1107705,胡琴说（下）,8342404,1,0,36756,8342404,1107705,oNGxt59HpYnYpxuq30YaG81Gg790,oNGxt59HpYnYpxuq30YaG81Gg790_bak
13907,进阶班0310期-玉米老师,1107705,胡琴说（下）,8342727,1,0,36750,8342727,1107705,oNGxt55-u5nTe4nan5g7rcRYuafg,oNGxt55-u5nTe4nan5g7rcRYuafg_bak
13907,进阶班0310期-玉米老师,1107705,胡琴说（下）,8342914,1,0,36720,8342914,1107705,oNGxt59V7k3ueMPCLlZDQxOFnhZQ,oNGxt59V7k3ueMPCLlZDQxOFnhZQ_bak
13907,进阶班0310期-玉米老师,1107705,胡琴说（下）,8344423,1,0,36781,8344423,1107705,oNGxt51KT5FIrjqi8FGjIb40ITyU,oNGxt51KT5FIrjqi8FGjIb40ITyU_bak
13907,进阶班0310期-玉米老师,1107705,胡琴说（下）,8344453,1,0,36749,8344453,1107705,oNGxt5wSLekllhnyoxNSQFTeMTVY,oNGxt5wSLekllhnyoxNSQFTeMTVY_bak
13907,进阶班0310期-玉米老师,1107705,胡琴说（下）,8344805,1,0,36757,8344805,1107705,oNGxt5z6yPVqGsY0Wvovp9uIX0aI,oNGxt5z6yPVqGsY0Wvovp9uIX0aI_bak
13907,进阶班0310期-玉米老师,1107705,胡琴说（下）,8344986,1,0,36740,8344986,1107705,oNGxt51fkkCPBqqCqjeErCzWMcgI,oNGxt51fkkCPBqqCqjeErCzWMcgI_bak
13907,进阶班0310期-玉米老师,1107705,胡琴说（下）,8345707,1,0,36673,8345707,1107705,oNGxt5xFjH9KUxxqlnghr0yG_rQE,oNGxt5xFjH9KUxxqlnghr0yG_rQE_bak
13907,进阶班0310期-玉米老师,1107705,胡琴说（下）,8346040,1,0,36669,8346040,1107705,oNGxt51Dr7zdIkuZ2xJ4LSiSafNU,oNGxt51Dr7zdIkuZ2xJ4LSiSafNU_bak
13907,进阶班0310期-玉米老师,1107705,胡琴说（下）,8346514,1,0,36668,8346514,1107705,oNGxt5wxOpsE83bm3d1AbdvHCx4w,oNGxt5wxOpsE83bm3d1AbdvHCx4w_bak
13907,进阶班0310期-玉米老师,1107705,胡琴说（下）,8347837,1,0,36704,8347837,1107705,oNGxt5zzYVqb8ffB6XdhABLIVeKE,oNGxt5zzYVqb8ffB6XdhABLIVeKE_bak
13907,进阶班0310期-玉米老师,1107705,胡琴说（下）,8347907,1,0,36744,8347907,1107705,oNGxt59OvknltHrL1wiE011kwcHk,oNGxt59OvknltHrL1wiE011kwcHk_bak
13907,进阶班0310期-玉米老师,1107705,胡琴说（下）,8347971,1,0,37164,8347971,1107705,oNGxt5yiNQ0PV6GMbrEiHDVc4fiY,oNGxt5yiNQ0PV6GMbrEiHDVc4fiY_bak
13907,进阶班0310期-玉米老师,1107705,胡琴说（下）,8348316,1,0,36913,8348316,1107705,oNGxt50hNc_Y1tX4IGTsa1dAyEDI,oNGxt50hNc_Y1tX4IGTsa1dAyEDI_bak
13907,进阶班0310期-玉米老师,1107705,胡琴说（下）,8348630,1,0,36710,8348630,1107705,oNGxt58lK_u0a26dZA46fzjOQk8o,oNGxt58lK_u0a26dZA46fzjOQk8o_bak
13907,进阶班0310期-玉米老师,1107705,胡琴说（下）,8348914,1,0,36755,8348914,1107705,oNGxt55vAgl-ngyK6_pw_plW7O10,oNGxt55vAgl-ngyK6_pw_plW7O10_bak
13907,进阶班0310期-玉米老师,1107705,胡琴说（下）,8349317,1,0,36792,8349317,1107705,oNGxt5_ZZrV4AN5cHom2OSy2iYuI,oNGxt5_ZZrV4AN5cHom2OSy2iYuI_bak
13907,进阶班0310期-玉米老师,1107705,胡琴说（下）,8349365,1,0,37156,8349365,1107705,oNGxt59SUJT4yXzrJKxKyh-Slbso,oNGxt59SUJT4yXzrJKxKyh-Slbso_bak
13907,进阶班0310期-玉米老师,1107705,胡琴说（下）,8349463,1,0,36724,8349463,1107705,oNGxt59AFpGg6vZoi-jM1tTwUNhw,oNGxt59AFpGg6vZoi-jM1tTwUNhw_bak
13907,进阶班0310期-玉米老师,1107705,胡琴说（下）,8349565,1,0,37165,8349565,1107705,oNGxt50B_GmhSFqsktU3ymqtUv-o,oNGxt50B_GmhSFqsktU3ymqtUv-o_bak
13907,进阶班0310期-玉米老师,1107705,胡琴说（下）,8351013,1,0,36743,8351013,1107705,oNGxt5_9IViOihqLyGbC9Q6AHpcM,oNGxt5_9IViOihqLyGbC9Q6AHpcM_bak
13907,进阶班0310期-玉米老师,1107705,胡琴说（下）,8351024,1,0,37163,8351024,1107705,oNGxt51AR3khUaAasdPqyOdRkOkg,oNGxt51AR3khUaAasdPqyOdRkOkg_bak
13907,进阶班0310期-玉米老师,1107705,胡琴说（下）,8352058,1,0,37166,8352058,1107705,oNGxt55GpoHq3fZnSfvPasVV-Rhk,oNGxt55GpoHq3fZnSfvPasVV-Rhk_bak
13907,进阶班0310期-玉米老师,1107705,胡琴说（下）,8352331,1,0,36900,8352331,1107705,oNGxt52iPtNm4WBs57_sPgVVElG0,oNGxt52iPtNm4WBs57_sPgVVElG0_bak
13907,进阶班0310期-玉米老师,1107705,胡琴说（下）,8352363,1,0,36723,8352363,1107705,oNGxt5-T3uIQAnZISips1bWpJ-Aw,oNGxt5-T3uIQAnZISips1bWpJ-Aw_bak
13907,进阶班0310期-玉米老师,1107705,胡琴说（下）,8352681,1,0,36721,8352681,1107705,oNGxt5_jb7Kf58NsfwUbbUFGj-LE,oNGxt5_jb7Kf58NsfwUbbUFGj-LE_bak
13907,进阶班0310期-玉米老师,1107705,胡琴说（下）,8352731,1,0,36688,8352731,1107705,oNGxt5yohta0YxM5heirVbxLgJcE,oNGxt5yohta0YxM5heirVbxLgJcE_bak
13907,进阶班0310期-玉米老师,1107705,胡琴说（下）,8353072,1,0,36746,8353072,1107705,oNGxt5w-RtI_xCVt8_YvipEeGwEI,oNGxt5w-RtI_xCVt8_YvipEeGwEI_bak
13907,进阶班0310期-玉米老师,1107705,胡琴说（下）,8353443,1,0,36763,8353443,1107705,oNGxt5144a_WipvuXxHh6VrJCJII,oNGxt5144a_WipvuXxHh6VrJCJII_bak
13907,进阶班0310期-玉米老师,1107705,胡琴说（下）,8354329,1,0,37157,8354329,1107705,oNGxt53152gOVIA6x0KjkHTjdQuk,oNGxt53152gOVIA6x0KjkHTjdQuk_bak
13907,进阶班0310期-玉米老师,1107705,胡琴说（下）,8355162,1,0,36733,8355162,1107705,oNGxt51BKh0QxVWczR9aG3t5FseA,oNGxt51BKh0QxVWczR9aG3t5FseA_bak
13907,进阶班0310期-玉米老师,1107705,胡琴说（下）,8355212,1,0,36734,8355212,1107705,oNGxt5xiDA3PoBm0s68qrQ7YyI7c,oNGxt5xiDA3PoBm0s68qrQ7YyI7c_bak
13907,进阶班0310期-玉米老师,1107705,胡琴说（下）,8356740,1,0,37170,8356740,1107705,oNGxt56qs69JkQYLkLzh16-WbQEQ,oNGxt56qs69JkQYLkLzh16-WbQEQ_bak
13907,进阶班0310期-玉米老师,1107705,胡琴说（下）,8357381,1,0,36731,8357381,1107705,oNGxt5yPITdZhLOWed3y3A7gWrA4,oNGxt5yPITdZhLOWed3y3A7gWrA4_bak
13907,进阶班0310期-玉米老师,1107705,胡琴说（下）,8357429,1,0,36678,8357429,1107705,oNGxt575o5ZFi4RWGG_eaOE0cDds,oNGxt575o5ZFi4RWGG_eaOE0cDds_bak
13907,进阶班0310期-玉米老师,1107705,胡琴说（下）,8357517,1,0,36747,8357517,1107705,oNGxt52x36kyfPV96OEHiYxNvtlI,oNGxt52x36kyfPV96OEHiYxNvtlI_bak
13907,进阶班0310期-玉米老师,1107705,胡琴说（下）,8357862,1,0,36681,8357862,1107705,oNGxt56W7MAhU37Rv3DCwEB2fc2s,oNGxt56W7MAhU37Rv3DCwEB2fc2s_bak
13907,进阶班0310期-玉米老师,1107705,胡琴说（下）,8358282,1,0,36680,8358282,1107705,oNGxt5wWfergQpJ3KuaIT70kOK3Q,oNGxt5wWfergQpJ3KuaIT70kOK3Q_bak
13907,进阶班0310期-玉米老师,1107705,胡琴说（下）,8358669,1,0,36767,8358669,1107705,oNGxt53Ai_OGwB-m_1I5p0bsfCmM,oNGxt53Ai_OGwB-m_1I5p0bsfCmM_bak
13907,进阶班0310期-玉米老师,1107705,胡琴说（下）,8358700,1,0,36705,8358700,1107705,oNGxt59yY_puKziSyJdeUV5_h7WU,oNGxt59yY_puKziSyJdeUV5_h7WU_bak
13907,进阶班0310期-玉米老师,1107705,胡琴说（下）,8358827,1,0,36677,8358827,1107705,oNGxt54oUXrbeY5B5sDRUpyiDWa0,oNGxt54oUXrbeY5B5sDRUpyiDWa0_bak
13907,进阶班0310期-玉米老师,1107705,胡琴说（下）,8359858,1,0,36664,8359858,1107705,oNGxt5xXkUJYhyRICAlaTfCcXth4,oNGxt5xXkUJYhyRICAlaTfCcXth4_bak
13907,进阶班0310期-玉米老师,1107705,胡琴说（下）,8359863,1,0,37167,8359863,1107705,oNGxt5z-oQpryUgfalRZg1oYNDzg,oNGxt5z-oQpryUgfalRZg1oYNDzg_bak
13907,进阶班0310期-玉米老师,1107705,胡琴说（下）,8359867,1,0,36707,8359867,1107705,oNGxt5xBHhM2kHH1vMpQ9ghW7RzU,oNGxt5xBHhM2kHH1vMpQ9ghW7RzU_bak
13907,进阶班0310期-玉米老师,1107705,胡琴说（下）,8360854,1,0,36727,8360854,1107705,oNGxt53xzBTWYkhRkwGw32iCrBu4,oNGxt53xzBTWYkhRkwGw32iCrBu4_bak
13907,进阶班0310期-玉米老师,1107705,胡琴说（下）,8360981,1,0,36785,8360981,1107705,oNGxt53SNER_IkekHZa0uYAuBn6s,oNGxt53SNER_IkekHZa0uYAuBn6s_bak
13907,进阶班0310期-玉米老师,1107705,胡琴说（下）,8361117,1,0,36890,8361117,1107705,oNGxt5_FJKjnakMu5J-rd6pJadZo,oNGxt5_FJKjnakMu5J-rd6pJadZo_bak
13907,进阶班0310期-玉米老师,1107705,胡琴说（下）,8361162,1,0,36910,8361162,1107705,oNGxt5xrCaISgmSXGL4MDO5rWNfA,oNGxt5xrCaISgmSXGL4MDO5rWNfA_bak
13907,进阶班0310期-玉米老师,1107705,胡琴说（下）,8361550,1,0,36728,8361550,1107705,oNGxt5wiQ9RBW1vmAHyAQVpDwQhM,oNGxt5wiQ9RBW1vmAHyAQVpDwQhM_bak
13907,进阶班0310期-玉米老师,1107705,胡琴说（下）,8361679,1,0,36690,8361679,1107705,oNGxt5xAP8ngOo3DgpW11L-7QNVs,oNGxt5xAP8ngOo3DgpW11L-7QNVs_bak
13907,进阶班0310期-玉米老师,1107705,胡琴说（下）,8361891,1,0,36679,8361891,1107705,oNGxt5xN5NoJFWZp6QQg7owz-4MQ,oNGxt5xN5NoJFWZp6QQg7owz-4MQ_bak
13907,进阶班0310期-玉米老师,1107705,胡琴说（下）,8362213,1,0,36658,8362213,1107705,oNGxt54bU656a-EHZzzRL1AryNXk,oNGxt54bU656a-EHZzzRL1AryNXk_bak
13907,进阶班0310期-玉米老师,1107705,胡琴说（下）,8362312,1,0,36700,8362312,1107705,oNGxt584JMNIS4c6mYf1Bkh7vvXI,oNGxt584JMNIS4c6mYf1Bkh7vvXI_bak
13907,进阶班0310期-玉米老师,1107705,胡琴说（下）,8362726,1,0,36717,8362726,1107705,oNGxt5xmNgcgaFX3vXXkJAmj6N58,oNGxt5xmNgcgaFX3vXXkJAmj6N58_bak
13907,进阶班0310期-玉米老师,1107705,胡琴说（下）,8363053,1,0,37168,8363053,1107705,oNGxt55BUaCwLEwTU22pKVl8Rkio,oNGxt55BUaCwLEwTU22pKVl8Rkio_bak
13907,进阶班0310期-玉米老师,1107705,胡琴说（下）,8363735,1,0,36773,8363735,1107705,oNGxt5_wN2Z14-FrqwbEQhjKKy4M,oNGxt5_wN2Z14-FrqwbEQhjKKy4M_bak
13907,进阶班0310期-玉米老师,1107705,胡琴说（下）,8363843,1,0,36738,8363843,1107705,oNGxt5-vtiMe_AqGjRAN1vaOQvIM,oNGxt5-vtiMe_AqGjRAN1vaOQvIM_bak
13907,进阶班0310期-玉米老师,1107705,胡琴说（下）,8363881,1,0,37162,8363881,1107705,oNGxt59AOcY2X2AIWmtuYx4ZuRaw,oNGxt59AOcY2X2AIWmtuYx4ZuRaw_bak
13907,进阶班0310期-玉米老师,1107705,胡琴说（下）,8364704,1,0,36775,8364704,1107705,oNGxt51WrJS78Mq8KJ4FRR_aBBAA,oNGxt51WrJS78Mq8KJ4FRR_aBBAA_bak
13907,进阶班0310期-玉米老师,1107705,胡琴说（下）,8364755,1,0,36694,8364755,1107705,oNGxt578wA8LOs4uIcLlwfKJKwYM,oNGxt578wA8LOs4uIcLlwfKJKwYM_bak
13907,进阶班0310期-玉米老师,1107705,胡琴说（下）,8365737,1,0,36761,8365737,1107705,oNGxt54gywKeQpsXILQAvkmNSQbs,oNGxt54gywKeQpsXILQAvkmNSQbs_bak
13907,进阶班0310期-玉米老师,1107705,胡琴说（下）,8365753,1,0,36689,8365753,1107705,oNGxt5ytgpppqVkFbs9Q-r2pM684,oNGxt5ytgpppqVkFbs9Q-r2pM684_bak
13907,进阶班0310期-玉米老师,1107705,胡琴说（下）,8366666,1,0,36687,8366666,1107705,oNGxt54ycxS2GnaqsB184DEVkzF4,oNGxt54ycxS2GnaqsB184DEVkzF4_bak
13907,进阶班0310期-玉米老师,1107705,胡琴说（下）,8366874,1,0,36718,8366874,1107705,oNGxt56gFFLh2pdQyNmHuZn0DT5c,oNGxt56gFFLh2pdQyNmHuZn0DT5c_bak
13907,进阶班0310期-玉米老师,1107705,胡琴说（下）,8367652,1,0,36861,8367652,1107705,oNGxt59w1ojK4e886nmUkqMxt2To,oNGxt59w1ojK4e886nmUkqMxt2To_bak
13907,进阶班0310期-玉米老师,1107705,胡琴说（下）,8367744,1,0,36847,8367744,1107705,oNGxt51WOYbZ8hZRR_ECmoMN-97Y,oNGxt51WOYbZ8hZRR_ECmoMN-97Y_bak
13907,进阶班0310期-玉米老师,1107705,胡琴说（下）,8368031,1,0,36732,8368031,1107705,oNGxt53wSvq_oIjEHzooWEyC3RNk,oNGxt53wSvq_oIjEHzooWEyC3RNk_bak
13907,进阶班0310期-玉米老师,1107705,胡琴说（下）,8368249,1,0,36911,8368249,1107705,oNGxt5ydRZ_87reas8RHyTT8oBLQ,oNGxt5ydRZ_87reas8RHyTT8oBLQ_bak
13907,进阶班0310期-玉米老师,1107705,胡琴说（下）,8368375,1,0,36735,8368375,1107705,oNGxt56lF8oZkVZxYTfSKc4sWKkE,oNGxt56lF8oZkVZxYTfSKc4sWKkE_bak
13907,进阶班0310期-玉米老师,1107705,胡琴说（下）,8369113,1,0,36737,8369113,1107705,oNGxt55SM2g5IdNvSV4nJSh7tOUs,oNGxt55SM2g5IdNvSV4nJSh7tOUs_bak
13907,进阶班0310期-玉米老师,1107705,胡琴说（下）,8369253,1,0,36722,8369253,1107705,oNGxt55oli89yD6Acdt2paCoOib4,oNGxt55oli89yD6Acdt2paCoOib4_bak
13907,进阶班0310期-玉米老师,1107705,胡琴说（下）,8369471,1,0,36682,8369471,1107705,oNGxt54HMlqLaSWRm-aZtCuz0Ptc,oNGxt54HMlqLaSWRm-aZtCuz0Ptc_bak
13907,进阶班0310期-玉米老师,1107705,胡琴说（下）,8369964,1,0,36726,8369964,1107705,oNGxt50kPQ-xOQbxYmFCWwqet8g0,oNGxt50kPQ-xOQbxYmFCWwqet8g0_bak
13907,进阶班0310期-玉米老师,1107705,胡琴说（下）,8370158,1,0,36915,8370158,1107705,oNGxt5woHrxSxePqqX0VA6YDghG4,oNGxt5woHrxSxePqqX0VA6YDghG4_bak
13907,进阶班0310期-玉米老师,1107705,胡琴说（下）,8370297,1,0,36715,8370297,1107705,oNGxt56hOwzNZCIRtN0aZhAkkGWg,oNGxt56hOwzNZCIRtN0aZhAkkGWg_bak
13907,进阶班0310期-玉米老师,1107705,胡琴说（下）,8370633,1,0,36758,8370633,1107705,oNGxt51UorcBZEEIy9vQMN6KcNww,oNGxt51UorcBZEEIy9vQMN6KcNww_bak
13907,进阶班0310期-玉米老师,1107705,胡琴说（下）,8371216,1,0,36693,8371216,1107705,oNGxt50fKIWDC3iDCO4C1mMBwYXU,oNGxt50fKIWDC3iDCO4C1mMBwYXU_bak
13907,进阶班0310期-玉米老师,1107705,胡琴说（下）,8371527,1,0,36730,8371527,1107705,oNGxt51SFPXFgUaMOLd66vgmxQXE,oNGxt51SFPXFgUaMOLd66vgmxQXE_bak
13907,进阶班0310期-玉米老师,1107705,胡琴说（下）,8371546,1,0,36708,8371546,1107705,oNGxt5-NrWTV2StrX6b-1ejC3xwE,oNGxt5-NrWTV2StrX6b-1ejC3xwE_bak
13907,进阶班0310期-玉米老师,1107705,胡琴说（下）,8371607,1,0,36752,8371607,1107705,oNGxt50P58IjRkIIPaAHuVr19Nik,oNGxt50P58IjRkIIPaAHuVr19Nik_bak
13907,进阶班0310期-玉米老师,1107705,胡琴说（下）,8371813,1,0,36695,8371813,1107705,oNGxt5ylc6tcIvoMms27yWlqeUj0,oNGxt5ylc6tcIvoMms27yWlqeUj0_bak
13907,进阶班0310期-玉米老师,1107705,胡琴说（下）,8371862,1,0,36765,8371862,1107705,oNGxt5zlMptYqniItoABx9vGcLLE,oNGxt5zlMptYqniItoABx9vGcLLE_bak
13907,进阶班0310期-玉米老师,1107705,胡琴说（下）,8372277,1,0,36667,8372277,1107705,oNGxt5-B7ZepU8Sb1f4LI34is4fo,oNGxt5-B7ZepU8Sb1f4LI34is4fo_bak
13907,进阶班0310期-玉米老师,1107705,胡琴说（下）,8372593,1,0,37155,8372593,1107705,oNGxt53FVfOPAsUcpNAd7-XRpI5g,oNGxt53FVfOPAsUcpNAd7-XRpI5g_bak
13907,进阶班0310期-玉米老师,1107705,胡琴说（下）,8373009,1,0,36703,8373009,1107705,oNGxt5-D1qk7a944NHY1DpKP7T1w,oNGxt5-D1qk7a944NHY1DpKP7T1w_bak
13907,进阶班0310期-玉米老师,1107705,胡琴说（下）,8373158,1,0,36662,8373158,1107705,oNGxt54H6x1qug03IlbTP2PNwCgg,oNGxt54H6x1qug03IlbTP2PNwCgg_bak
13907,进阶班0310期-玉米老师,1107705,胡琴说（下）,8373181,1,0,36697,8373181,1107705,oNGxt54gzy0e566BqEfEAXy3Sqsc,oNGxt54gzy0e566BqEfEAXy3Sqsc_bak
13907,进阶班0310期-玉米老师,1107705,胡琴说（下）,8373220,1,0,36713,8373220,1107705,oNGxt5401P-v9WsmQ4ecR_3moWfA,oNGxt5401P-v9WsmQ4ecR_3moWfA_bak
13907,进阶班0310期-玉米老师,1107705,胡琴说（下）,8373563,1,0,36702,8373563,1107705,oNGxt5_-IbeQ7qCfr9qQA2C313gI,oNGxt5_-IbeQ7qCfr9qQA2C313gI_bak
13907,进阶班0310期-玉米老师,1107705,胡琴说（下）,8373675,1,0,36665,8373675,1107705,oNGxt55MuW3nztl17j89wKucT-o0,oNGxt55MuW3nztl17j89wKucT-o0_bak
13907,进阶班0310期-玉米老师,1107705,胡琴说（下）,8373746,1,0,36683,8373746,1107705,oNGxt5wn4nL8XDkEds1biNgM4yX8,oNGxt5wn4nL8XDkEds1biNgM4yX8_bak
13907,进阶班0310期-玉米老师,1107705,胡琴说（下）,8373965,1,0,36706,8373965,1107705,oNGxt52nQ1HhN89YfVZm-_buoVYo,oNGxt52nQ1HhN89YfVZm-_buoVYo_bak
13907,进阶班0310期-玉米老师,1107705,胡琴说（下）,8375154,1,0,36859,8375154,1107705,oNGxt5_laKNRj1vTV8NVH6R8Z1mM,oNGxt5_laKNRj1vTV8NVH6R8Z1mM_bak
13907,进阶班0310期-玉米老师,1107705,胡琴说（下）,8375283,1,0,36736,8375283,1107705,oNGxt5wQCY6WhTRjXW42MKT6UaFc,oNGxt5wQCY6WhTRjXW42MKT6UaFc_bak
13907,进阶班0310期-玉米老师,1107705,胡琴说（下）,8376781,1,0,36939,8376781,1107705,oNGxt5_vPR8hAnblFLAFOSjqjl3c,oNGxt5_vPR8hAnblFLAFOSjqjl3c_bak
13907,进阶班0310期-玉米老师,1107705,胡琴说（下）,8377150,1,0,36762,8377150,1107705,oNGxt5_F17-PiBUQHG6qYZyxsy4U,oNGxt5_F17-PiBUQHG6qYZyxsy4U_bak
13907,进阶班0310期-玉米老师,1107705,胡琴说（下）,8377508,1,0,36656,8377508,1107705,oNGxt5_CMMeKMslH-b6KGug1lSDE,oNGxt5_CMMeKMslH-b6KGug1lSDE_bak
13907,进阶班0310期-玉米老师,1107705,胡琴说（下）,8377718,1,0,36805,8377718,1107705,oNGxt52O5nmWyqfN5XIVKiooRlJ4,oNGxt52O5nmWyqfN5XIVKiooRlJ4_bak
13907,进阶班0310期-玉米老师,1107705,胡琴说（下）,8377851,1,0,36692,8377851,1107705,oNGxt56KKUuGxEhwI4ZFsRKoiSys,oNGxt56KKUuGxEhwI4ZFsRKoiSys_bak
13907,进阶班0310期-玉米老师,1107705,胡琴说（下）,8377861,1,0,36800,8377861,1107705,oNGxt50WJ7gMGsrVc5iSIJuzb9ig,oNGxt50WJ7gMGsrVc5iSIJuzb9ig_bak
13907,进阶班0310期-玉米老师,1107705,胡琴说（下）,8378210,1,0,36745,8378210,1107705,oNGxt56AvEfVqz7apqWCn-9YXq4c,oNGxt56AvEfVqz7apqWCn-9YXq4c_bak
13907,进阶班0310期-玉米老师,1107705,胡琴说（下）,8378321,1,0,36850,8378321,1107705,oNGxt55sEY5JlFYMmsb_8CgFbdJ4,oNGxt55sEY5JlFYMmsb_8CgFbdJ4_bak
13907,进阶班0310期-玉米老师,1107705,胡琴说（下）,8378490,1,0,36774,8378490,1107705,oNGxt52NtEF5Tt8Yt61tYSw6Cp-w,oNGxt52NtEF5Tt8Yt61tYSw6Cp-w_bak
13907,进阶班0310期-玉米老师,1107705,胡琴说（下）,8378670,1,0,36825,8378670,1107705,oNGxt52AMXaeH6FLmFyTb9rowpmw,oNGxt52AMXaeH6FLmFyTb9rowpmw_bak
13907,进阶班0310期-玉米老师,1107705,胡琴说（下）,8378738,1,0,36808,8378738,1107705,oNGxt5_nlaF2y1GUVvCWoWIWkHgw,oNGxt5_nlaF2y1GUVvCWoWIWkHgw_bak
13907,进阶班0310期-玉米老师,1107705,胡琴说（下）,8378797,1,0,36671,8378797,1107705,oNGxt59To1Npmr8GpTdJdG_WgJF4,oNGxt59To1Npmr8GpTdJdG_WgJF4_bak
13907,进阶班0310期-玉米老师,1107705,胡琴说（下）,8378952,1,0,36698,8378952,1107705,oNGxt5-W9BPo9iy8BXb8EwiLRdEQ,oNGxt5-W9BPo9iy8BXb8EwiLRdEQ_bak
13907,进阶班0310期-玉米老师,1107705,胡琴说（下）,8380476,1,0,37169,8380476,1107705,oNGxt5_SGPLF6hxyYCRkY9dBcRhU,oNGxt5_SGPLF6hxyYCRkY9dBcRhU_bak
13907,进阶班0310期-玉米老师,1107705,胡琴说（下）,8386194,1,0,37159,8386194,1107705,oNGxt5yjNgUh-ccM53h_WNPYO8gI,oNGxt5yjNgUh-ccM53h_WNPYO8gI_bak
13907,进阶班0310期-玉米老师,1107705,胡琴说（下）,8394006,1,0,36711,8394006,1107705,oNGxt5_FaYY4zZB62G8wKDUma-eI,oNGxt5_FaYY4zZB62G8wKDUma-eI_bak
13907,进阶班0310期-玉米老师,1107705,胡琴说（下）,8400846,1,0,36675,8400846,1107705,oNGxt5yJCoG9v0JmNIlEKiOdzldE,oNGxt5yJCoG9v0JmNIlEKiOdzldE_bak
13907,进阶班0310期-玉米老师,1107705,胡琴说（下）,8401627,1,0,36780,8401627,1107705,oNGxt57ixsnvzHnLTAg5mONWYzgI,oNGxt57ixsnvzHnLTAg5mONWYzgI_bak
13907,进阶班0310期-玉米老师,1107705,胡琴说（下）,8401656,1,0,36674,8401656,1107705,oNGxt5xZweoW0jN7EFxQNFF7hiWw,oNGxt5xZweoW0jN7EFxQNFF7hiWw_bak
13907,进阶班0310期-玉米老师,1107705,胡琴说（下）,8402425,1,0,36676,8402425,1107705,oNGxt5y_emcxUdHq6fIEQszgGqe4,oNGxt5y_emcxUdHq6fIEQszgGqe4_bak
13907,进阶班0310期-玉米老师,1107705,胡琴说（下）,8405408,1,0,36759,8405408,1107705,oNGxt5-ZZN-KEvwEnlpsluSwJfPw,oNGxt5-ZZN-KEvwEnlpsluSwJfPw_bak
13907,进阶班0310期-玉米老师,1107705,胡琴说（下）,8406480,1,0,36696,8406480,1107705,oNGxt50GBLmoeMXZeX5dKWEvUz4Q,oNGxt50GBLmoeMXZeX5dKWEvUz4Q_bak
13907,进阶班0310期-玉米老师,1107705,胡琴说（下）,8407923,1,0,36739,8407923,1107705,oNGxt56t19ngDt8RUDIZTimHGq9I,oNGxt56t19ngDt8RUDIZTimHGq9I_bak
13907,进阶班0310期-玉米老师,1107705,胡琴说（下）,8408344,1,0,36685,8408344,1107705,oNGxt55AjpnSeJr0nVwma5Sw-fD8,oNGxt55AjpnSeJr0nVwma5Sw-fD8_bak
13907,进阶班0310期-玉米老师,1107705,胡琴说（下）,8410990,1,0,36916,8410990,1107705,oNGxt5z7SG6luKNhIr08CmkfObPw,oNGxt5z7SG6luKNhIr08CmkfObPw_bak
13907,进阶班0310期-玉米老师,1107705,胡琴说（下）,8411927,1,0,36754,8411927,1107705,oNGxt51uzcbzei70p112418CISxw,oNGxt51uzcbzei70p112418CISxw_bak
13907,进阶班0310期-玉米老师,1107705,胡琴说（下）,8414946,1,0,36712,8414946,1107705,oNGxt5-fD9Qw8CvUqJ-yoWGmY0Sk,oNGxt5-fD9Qw8CvUqJ-yoWGmY0Sk_bak
13907,进阶班0310期-玉米老师,1107705,胡琴说（下）,8415352,1,0,36902,8415352,1107705,oNGxt5-7f5VL7ZsS8ZWKnZQ31syw,oNGxt5-7f5VL7ZsS8ZWKnZQ31syw_bak
13907,进阶班0310期-玉米老师,1107705,胡琴说（下）,8416507,1,0,36686,8416507,1107705,oNGxt5zSOGFIKlnRnWS3N9zrhywg,oNGxt5zSOGFIKlnRnWS3N9zrhywg_bak
13907,进阶班0310期-玉米老师,1107705,胡琴说（下）,8424319,1,0,36691,8424319,1107705,oNGxt57aIEUhfJ0CmLF3JmqFxABs,oNGxt57aIEUhfJ0CmLF3JmqFxABs_bak
13907,进阶班0310期-玉米老师,1107705,胡琴说（下）,8431620,1,0,36922,8431620,1107705,oNGxt55XGbEEp6nvtXa9fESoefrk,oNGxt55XGbEEp6nvtXa9fESoefrk_bak
13907,进阶班0310期-玉米老师,1107705,胡琴说（下）,8434147,1,0,36657,8434147,1107705,oNGxt55s1NpSQtgUgciOP0LSIVK0,oNGxt55s1NpSQtgUgciOP0LSIVK0_bak
13907,进阶班0310期-玉米老师,1107705,胡琴说（下）,8437816,1,0,36742,8437816,1107705,oNGxt55SrqgIUL4B0of0yekE9Ck8,oNGxt55SrqgIUL4B0of0yekE9Ck8_bak
13907,进阶班0310期-玉米老师,1107705,胡琴说（下）,8439675,1,0,36666,8439675,1107705,oNGxt55Rd4kkC6Un5zKKUjCDYAiI,oNGxt55Rd4kkC6Un5zKKUjCDYAiI_bak
13907,进阶班0310期-玉米老师,1107705,胡琴说（下）,8439678,1,0,36661,8439678,1107705,oNGxt5zqzYCGZDZUyvLrcDWQR4BI,oNGxt5zqzYCGZDZUyvLrcDWQR4BI_bak
13907,进阶班0310期-玉米老师,1107705,胡琴说（下）,8441218,1,0,36832,8441218,1107705,oNGxt52QU3PU07Yu0mYlkYdonxnU,oNGxt52QU3PU07Yu0mYlkYdonxnU_bak
13907,进阶班0310期-玉米老师,1107705,胡琴说（下）,8441803,1,0,36660,8441803,1107705,oNGxt58ecHrwVgEQruu_1u12sYxk,oNGxt58ecHrwVgEQruu_1u12sYxk_bak
13907,进阶班0310期-玉米老师,1107705,胡琴说（下）,8442453,1,0,36729,8442453,1107705,oNGxt59-c1b0nvllgkQLN3N-NIJ4,oNGxt59-c1b0nvllgkQLN3N-NIJ4_bak
13907,进阶班0310期-玉米老师,1107705,胡琴说（下）,8442846,1,0,36670,8442846,1107705,oNGxt5yWgtQtOzdaiqzKP1JJKQco,oNGxt5yWgtQtOzdaiqzKP1JJKQco_bak
13907,进阶班0310期-玉米老师,1107705,胡琴说（下）,8443419,1,0,36663,8443419,1107705,oNGxt53e0fmYpgvQLCIuMpYYjDH0,oNGxt53e0fmYpgvQLCIuMpYYjDH0_bak
13907,进阶班0310期-玉米老师,1107705,胡琴说（下）,8446869,1,0,36771,8446869,1107705,oNGxt5_vt4h6cbLzKoXySRt0vfPY,oNGxt5_vt4h6cbLzKoXySRt0vfPY_bak
13907,进阶班0310期-玉米老师,1107705,胡琴说（下）,8455895,1,0,36716,8455895,1107705,oNGxt5zw9suFiQtDu7QWHROtkM00,oNGxt5zw9suFiQtDu7QWHROtkM00_bak
13907,进阶班0310期-玉米老师,1107705,胡琴说（下）,8470937,1,0,37160,8470937,1107705,oNGxt56lczm8zew7S9_0YtxzQFn4,oNGxt56lczm8zew7S9_0YtxzQFn4_bak
13907,进阶班0310期-玉米老师,1107705,胡琴说（下）,8476061,1,0,36797,8476061,1107705,oNGxt5_XDbz44YGylBLeTGxmujH0,oNGxt5_XDbz44YGylBLeTGxmujH0_bak
13907,进阶班0310期-玉米老师,1107705,胡琴说（下）,8483874,1,0,36709,8483874,1107705,oNGxt539bGt28LTCU69vWDjj57TE,oNGxt539bGt28LTCU69vWDjj57TE_bak
13907,进阶班0310期-玉米老师,1107705,胡琴说（下）,8489021,1,0,36659,8489021,1107705,oNGxt55mkkb6FF9NAi-5NHquleCA,oNGxt55mkkb6FF9NAi-5NHquleCA_bak
13907,进阶班0310期-玉米老师,1107705,胡琴说（下）,8503699,1,0,36751,8503699,1107705,oNGxt5_hhm3IPB09Octls2H1Rwl8,oNGxt5_hhm3IPB09Octls2H1Rwl8_bak
13907,进阶班0310期-玉米老师,1107705,胡琴说（下）,8518163,1,0,36701,8518163,1107705,oNGxt52D5ugkgayMQG8g9yp_Z9IY,oNGxt52D5ugkgayMQG8g9yp_Z9IY_bak
13907,进阶班0310期-玉米老师,1107705,胡琴说（下）,8529675,1,0,36684,8529675,1107705,oNGxt588dz-vBOO89ZlBeEIkofUg,oNGxt588dz-vBOO89ZlBeEIkofUg_bak
13907,进阶班0310期-玉米老师,1107705,胡琴说（下）,8530305,1,0,36741,8530305,1107705,oNGxt55RYW5-fIQLhzjPce27ZMqI,oNGxt55RYW5-fIQLhzjPce27ZMqI_bak
13907,进阶班0310期-玉米老师,1107705,胡琴说（下）,8583591,1,0,36875,8583591,1107705,oNGxt544pDuGdN2RrpLNsirXiiW0,oNGxt544pDuGdN2RrpLNsirXiiW0_bak
13907,进阶班0310期-玉米老师,1107705,胡琴说（下）,8661253,1,0,36942,8661253,1107705,oNGxt5_2X34hrR-XNLDpH24IKAes,oNGxt5_2X34hrR-XNLDpH24IKAes_bak
13907,进阶班0310期-玉米老师,1107705,胡琴说（下）,8747524,1,0,36625,8747524,1107705,oNGxt5x2PPW7GgWBuInSJMFMZZ4Y,oNGxt5x2PPW7GgWBuInSJMFMZZ4Y_bak
13907,进阶班0310期-玉米老师,1107705,胡琴说（下）,8785986,1,0,36672,8785986,1107705,oNGxt580ot1r6RGSoywjMxZOL1Cg,oNGxt580ot1r6RGSoywjMxZOL1Cg_bak
13907,进阶班0310期-玉米老师,1107705,胡琴说（下）,8810639,1,0,37161,8810639,1107705,oNGxt54OJYVnyQsZ4HHL6nq7ExeM,oNGxt54OJYVnyQsZ4HHL6nq7ExeM_bak
13907,进阶班0310期-玉米老师,1107705,胡琴说（下）,8825515,1,0,36626,8825515,1107705,oNGxt59KPbuVLaaQ5CFJNKcz0Ufg,oNGxt59KPbuVLaaQ5CFJNKcz0Ufg_bak
